-- phpMyAdmin SQL Dump
-- version 2.10.3
-- http://www.phpmyadmin.net
-- 
-- Host: localhost
-- Generation Time: Feb 14, 2013 at 02:54 PM
-- Server version: 5.0.51
-- PHP Version: 5.2.6

SET SQL_MODE="NO_AUTO_VALUE_ON_ZERO";

-- 
-- Database: `freepos`
-- 

-- --------------------------------------------------------

-- 
-- Table structure for table `category`
-- 

CREATE TABLE `category` (
  `CategoryID` int(5) NOT NULL auto_increment,
  `CategoryName` varchar(100) default NULL,
  `CategoryRemark` varchar(100) default NULL,
  PRIMARY KEY  (`CategoryID`)
) ENGINE=MyISAM  DEFAULT CHARSET=utf8 AUTO_INCREMENT=12 ;

-- 
-- Dumping data for table `category`
-- 

INSERT INTO `category` VALUES (9, 'หนังสือกาตูน', 'สั่งจากสำนักพิมพ์ wanik');
INSERT INTO `category` VALUES (10, 'หนังสือเขียนโปรแกรม', 'Java, PHP, JSP, VB.NET, C#, VC++.NET');
INSERT INTO `category` VALUES (11, 'หนังสือคอมพิวเตอร์ทั่วไป', 'เกี่ยวกับช่างเทคนิคต่างๆ');

-- --------------------------------------------------------

-- 
-- Table structure for table `customer`
-- 

CREATE TABLE `customer` (
  `CustomerID` varchar(14) NOT NULL,
  `FullName` varchar(100) default NULL,
  `Sex` varchar(1) default NULL,
  `IDCard` varchar(30) default NULL,
  `Picture` varchar(45) default NULL,
  `Address` varchar(250) default NULL,
  `Telephone` varchar(100) default NULL,
  PRIMARY KEY  (`CustomerID`)
) ENGINE=MyISAM DEFAULT CHARSET=utf8;

-- 
-- Dumping data for table `customer`
-- 

INSERT INTO `customer` VALUES ('1234', 'ไกรภพ แสงขุนทด', 'M', '3018523625552', NULL, '121', '002362514');

-- --------------------------------------------------------

-- 
-- Table structure for table `product`
-- 

CREATE TABLE `product` (
  `ProductID` varchar(10) NOT NULL,
  `ProductName` varchar(100) default NULL,
  `ProductDesc` varchar(250) default NULL,
  `CategoryID` varchar(2) default NULL,
  `SupplierID` varchar(5) default NULL,
  `Cost` double default NULL,
  `SalePrice` double default NULL,
  `Amount` int(5) NOT NULL,
  `PictureFileName` blob,
  `IsSale` varchar(1) default NULL,
  PRIMARY KEY  (`ProductID`)
) ENGINE=MyISAM DEFAULT CHARSET=utf8;

-- 
-- Dumping data for table `product`
-- 

INSERT INTO `product` VALUES ('1023227887', 'ทานตะวัน', 'สีเหลือง', '05', '002', 200, 420, 8, 0x89504e470d0a1a0a0000000d494844520000004800000048080600000055edb34700000a374944415478daed5cf94f54591a35fa6774cc68e28fb6b61be38c4e6b93569aa6a587a5582cd9f77d1fdcda05111010515116c1d6441165535617a0a11150a11570d4d1b88d1aa38e5be2fadb37ef7cc9ad3c6fbf82caa3e8b62a7593136eddefbcefde7378f5de7df73e984244531c300f87090e831c06390c721864ab06194323bec8f8696bcdf6a2bd2f76ec2da37c3b01b44013b441a36e83d2366c3a555cf1331da8aea5aa9a7a3a78bcc12e002dd0046dd0a8dba0794e7f7bb364f9b7b4f49b157609688346dd062df8eb1253b2f94e8b69c6cc99347dfa749bc65f66cca0af162c32e98246ab18347bf66c9a376f1ea5a7a753464686cd62eedcb934fbcb2fad6fd0f2e5cbc9dfdf9f8a8b8ba9a4a4c466010dcececed637c86834d2dab56bd9a063c78efde9d8b3670f797a7a7e82c2c242b3b1acac2c8ead5bb78e020202ac6f506c6c2c6ddbb68db2b3b37900353535545757f7a74108b724a6fe0c0d717171d63728393999f2f3f34d282828a07dfbf6d1a14387a8baba9a8e1f3f4e274f9efcc320445b12537fc6d8a1c5ea06e10287afd7e782f8f87865f4534c983a752a8fb1bcbc9c662a77db3973e650434303b5b4b4980c421dc782671583162e5e4aff707661ac5fbf9ef6efdfffd9421825d72b2a2a68d6ac59e4eaea4aa74f9fe6366811baa051b7414e4bbea6652b5c199b376fa6cacacacf16c214b92e3e4f9b368d1a1b1bf933b4085dd0a8dba0c54bbf2167971f18b9b9b974f8f0e1cf06f82aa9bf62803a2ec770f712b1dcbc3c932e68d46dd0df9739d3b7dfbb332a0f2a1763e53679f4e8519b0634541efcd9a40b1a751b848bd8ca1f3c18f1291974f8483535b7b6db34a0212e39dda40b1a751bf4b572117375f7b26b40a36e83962b1731370f1fbb0634ea36c8d9c58d5679f9d935a051b7416bc262283e7d835d031a1d06fd1106b97bfbd1dcafe6d382850b69d122279b04c63e77de7cfaa78fd1fa06190cbeca046b8732133d4855ca9cc81671a0b28ab6e7e49297b7c1fa06c19cbefe0b3432fa6f1abd7acd26313c7295cef70d504e6e9ef50d82fbe800066189a3b3b3937a7b7b3f01da100367327802f7a2a3e9a9f2d0f93f256609c0c53138161aa0c52a061943a3292e6d3da3b2ea202707b022171818a809c4268b27d0af0cfb82828b16025c1c238e8716a10b1aad62d001e5da7365f82ac3dbdb7b4c4c164fa05519b61e88e3a1c5ea06551ca8a2cb5746ed02d0621583568744516cea3a46454515fd7679c42e002d4217345ac5a0f28a4a1afa6d988155ba13274e507d7dfd27401b6293c51b8f6f0e721e68b18e41c191149bb29651567e800687ae30366edc48c3c3c3a42e232323bc208e989a871d90274f9e30e7f5ebd7bca2a7c58300c1c34f2d9e9a8fd8ce9d3b4d3872e408992b721e6811baa051b741fec111149392c9282daba04b839719898989949a9a4a69696994939343cf9f3fa75dbb76711b626a5e595919c7c1bd75eb162f9c6bf1d0fef0e143e60d0c0c505757d7ef785afd0bf4f5f5d1eddbb73f690350e43cd0227441a37e838222283a3993515a5a4e172f0d31121212282525853b86180075b42126f3debf7f6ffa6d6ed8b04193d7dcdc4c376fdee43cf8899c324fcd1705db4f584efdf8f1232fc8e37819721e6811baa051bf4181e1149df42fc6bed2321ab838c8c0960bf696b08988829f1804da1053f38470c4fbfbfb79f2a7c5c3861ece3451c0957972ff3863dadbdb79131375f4a105390fb4085dd0a8db203fe5e0a8a40c46c9be52ea1fb8c4c0ce645252128b7ff0e0010f00401b626a5e5353131b84384477747468f2d026f28087dc324fe663e3f2f1e3c73c06d4c5f132e43cd02274f94dd8a0c40c464949a9f22c7691111212c2b35c5c2700cc76c56c1831352f262686eeddbbc767c5d3a74ff9baa0c5dbb46913bd7dfb9679e0472b8f06324fee1f7d5ebb768d6edcb8611a8316e43cd022744dc820df80308a4c4867ec29d94fbd7d17180683c1ecac17b1c9e269f1b76cd9c2186f36aece032d421734ea36c82720942212d218bbf796d0afe7fbed02d0227441a37e83d68450447c2a63f7ee12eaf9b58f810b2abef3d8bc53036d884d166f3cbe39c879a045e88246dd06198c21141e97cad8b57b2ffdd2739e813bc3d6ad5bf9ee85bb92b893a10d312dde870f1f4c77285c80b57877efde3571b0c927e7d3ca6b09e43cd0227441a36e83bc8dc1141697c2282ade435dddbd8cd0d0508a8c8ce4398d28515151dc8698ccc3e050f0d31c0fbfe977efde715c40e6c979d5dcb120e78116a10b1af51bb43a88c26293194545bba9b3ab87111c1c4ce1e1e174fffe7d1a1a1a62f1111111dc8698ccc36c5a149880d35de6e1e5263507bf79399f9c177d0a5cbf7efd93c78b9e9e1e534cce032d421734ea36c8cb3f90426392188545c574aeb39b111414c482060707f939080583080b0be3989a8736c404c471320fedcf9e3d630e267f1028e71b2bef5890f3408bd0058d133228243a8951b073179dedf88521e61fead2ddddcd730dc4d43cb4d5d6d6f2d986d31cf5d6d6d6dff1b0b40a83c0696b6b63c8f9e4bce05a02390fb4085d563028915150504467ce763130afc01b5b1e1e1efcae0d0aea68434ce661707814104fea983c6af1b02280f2e6cd1b7edd58cea7d5bf2590f3408bd03521833cfd0228382a81b14349da7ea693e1e6e6c66f6c6901b1c9e259c2b7240fb4085dd0a8db200fdf35141419cfc8cbdf496da73bec02d0227441a3750cda5140aded6719999999bccc80352035d086d864f1c6e39b839c075aac6210b6680323e218b97905d4d2768681bb02ae1178b11c2f68e3e11275b42126f330517bf4e8115f5fb03684374d651edac4bad18b172f781550cea7d5bf2590f3408bd0058dfa0d32aca6c0f058464e6e3e35b79c66e082e7ebeb4b7e7e7e2ce8e5cb975c471b62320fef51e3491e9cd1d1515ef2d0e2212e72c230399f39be00560d51e476390fb4085dd0a8dba01f0dfe14101ec3d89eb3834e35b733bcbcbcc8c7c7873bc6ecf8d5ab575c471b625a3c011885f5672d9e5829c4b207ea72beb1f202e278b95dce032d421734ea36c8dddb9fb76681eced7974b2a98d81db26960fd0b1300875b4f11bed1a3c00670f9652c7e39d3b774e93678e2f72ab0b7288989c075a842e68d46f909762506834639b92b4f1542b03730bb1c682153bec5688351ac4641e963befdcb9c38336c7c3ae043888e34f06b0aa28f3b4fa5703fda0c8ed721e6811baa051b741ab9483b1f368940cc2bcc2c5c58556ae5cc9a730963c51471b62320f7fc7a12e9849cb3c7c05b0eb818265543c1ac8f9b4fa5703c7a0c8ed721e6811ba564dcc203f32864431b2b273a9e1640b037f3b3616268b67297fbc3cd0227441e3040cf2a5d521918c42e5f9a5aea189ea1b9b6d1ad08089a2d0058dfa0df2f4e59d47a055993fd4d69da2130aea1a9a6d12b5f54d545d534fcdad6d265dd0a8db20bc478c9d476063560ef55fb844ff7df0d0a671fd3f3729b7b0d8a40b1a751be4eaeef5c22f308c771fed11d0068d1379d3be01cf2af6681234411b34ea3668bed3e22f96adf8aef63b77cf376e1e06b2274013b441a3e39f9b38fefb8bc32087410e831c06d927fe0f3dd1dc3979b4bce50000000049454e44ae426082ffd8ffdb004300080606070605080707070909080a0c140d0c0b0b0c1912130f141d1a1f1e1d1a1c1c20242e2720222c231c1c2837292c30313434341f27393d38323c2e333432ffdb0043010909090c0b0c180d0d1832211c213232323232323232323232323232323232323232323232323232323232323232323232323232323232323232323232323232ffc00014080048004804012200021101031101042200ffc4001f0000010501010101010100000000000000000102030405060708090a0bffc400b5100002010303020403050504040000017d01020300041105122131410613516107227114328191a1082342b1c11552d1f02433627282090a161718191a25262728292a3435363738393a434445464748494a535455565758595a636465666768696a737475767778797a838485868788898a92939495969798999aa2a3a4a5a6a7a8a9aab2b3b4b5b6b7b8b9bac2c3c4c5c6c7c8c9cad2d3d4d5d6d7d8d9dae1e2e3e4e5e6e7e8e9eaf1f2f3f4f5f6f7f8f9faffc4001f0100030101010101010101010000000000000102030405060708090a0bffc400b51100020102040403040705040400010277000102031104052131061241510761711322328108144291a1b1c109233352f0156272d10a162434e125f11718191a262728292a35363738393a434445464748494a535455565758595a636465666768696a737475767778797a82838485868788898a92939495969798999aa2a3a4a5a6a7a8a9aab2b3b4b5b6b7b8b9bac2c3c4c5c6c7c8c9cad2d3d4d5d6d7d8d9dae2e3e4e5e6e7e8e9eaf2f3f4f5f6f7f8f9faffda000e040100021103110400003f00f7ab8b88ad2d65b999b6c512191db04e140c9381c9e2b2878af456008bb6c1ff00a6127ff134be2fff00912b5eff00b075c7fe8b6af9ef40f0ed96a1035c5eb4b87384d8eca171f434c4781430c9713c70c31b492c8c1111464b3138000f5aeed3e0afc4274571e1e201191baee007f22f91583e04ff009285e1affb0adaff00e8d5afb7ebe84ff84ab46ff9fb6ffbf127ff001347fc255a37fcfdb7fdf893ff0089af181e08d108ff005b27fe0437f8d1ff0008468bff003d5fff00025bff008aa340d4f903fe1497c43ffa17bff276dfff008e51ff000a4be21ffd0bdff93b6fff00c72bebfa2bd9ff00e12ad1bfe7edbfefc49ffc4d1ff09568dff3f6dff7e24ffe26bc63fe108d17fe7abffe04b7ff001555752f0ae87a6e9d3de3348eb12ee205cb0fd73c0a340d4f903fe1497c43ff00a17bff00276dff00f8e51ff0a4be21ff00d0bdff0093b6ff00fc72bebfa2bdc7fe12ad1bfe7edbfefc49ff00c4d21f15e8aa09376d81ff004c24ff00e26bc08689a0b5b452433c172d2dc2db27d9b516917737ab0e9f4c1aa7aa6876d6d62d756eb244f04ef04a865691588c7209fafa51a06a7c81ff000a4be21ffd0bdff93b6fff00c729aff057e2122339f0f1200c9db77013f907c9afb068afa7adee22bbb58ae616dd14a82446c11952320e0f238a2b2fc23ff225683ff60eb7ff00d16b45219f01cd0c96f3c90cd1b472c6c51d1860ab038208f5a2b77c77ff00250bc4bff615baff00d1ad452f8b067c1bae0f5d3ee3ff0045b5785689add869da625b5c43705d49398d548393ee457bcf893fe456d5ff00ebca6ffd00d78bc3a45a1d2c6a5a86ad3da42f2f948b144ac01c679c827b1a684c3c09ff00250fc35ff615b5ff00d1ab5f6fd7c41e04ff009287e1affb0adaff00e8d5afb7e97fe129d2bfe78de7fdfb5ffe2a8ff84a74aff9e379ff007ed7ff008aa7db693a25e79ff67f10dec9e442d3c98810615719eabef51c1a7e8173711410f892f5e595d5117ecea3249c0eab4681a8514514bff094e95ff3c6f3fefdafff00154c97c4da5c913a2adf46cca40748d32a7d46588cfd41a74fa7e816d712c137892f52589d91d7ecea7041c1e8b56350d074ad334bb6d46ef5ebe4b5b82a1184087ef29619017d050dc52bb2a109d4928c15db0a28a2b9878bc3b299a69a4d5e4bc96e22b9fb595883abc6309803098033d54e7273db0eb8bad353439ec2d0dfcd24f70d70f2dd6dc9762093f2f03a74000ad0f37c2bff00433df7fe028ffe22acff006758cda4b6a9a66ad71770473792eb344a9938078c007b8a98d4a72764cdaae0f134a3cd520d2f341451457b4784c63c1ba18f4d3edfff0045ad152786ff00e456d23febca1ffd00514cc0f883c77ff250fc4bff00615baffd1ad451e3bff9287e25ff00b0add7fe8d6a28f12ffc8abac7fd794dff00a01af30d2b537d37c396b2246d26fbb31945600b020f009071c81dabd3bc4dff0022a6b1ff005e337fe806bc96cb12787aca2fb399ddefb11a876421b0707208c63eb4fa0ba87813fe4a1f86bfec2b6bff00a356bedfaf883c09ff00250fc35ff615b5ff00d1ab5f6fd6f4fae48353d46d61c85b4b5773b9837ef57191900640391d39c54f7ba9cb6e34e11c9b9e59e38ae14e0ec2ca8d8e8307e63d0b0e3a8e95872c161a6eafaadac50a4ac2c1a5926124844a1955f1cb1ebbbaf5fa53e35b29ac34abb1e65c324b1858bed2d22dae5f68c83292bd01fbb8e40a061451456c0d55decafe449e333db34c7699101508c028d846e6c82791c0c5136a53ff00666992acf0432dd346ad24d9d80b213ce01c72076fd2b2ae6de13a35fdc3c73342f73316b68ee5c2bec61b9d93cd1ea3eea9c639c7151eb13da0f0c69cd3da89203e5ed8f7b0dbf21c720e7f3340828a28ad0baf11be951c315fdbcb25e382d2471caa82319c28394392719fa1154355d53fb53c3b7732eef296f3645bc00db3008ce38cf359731b2bf8a4d4a7b2b7909196326a1890e38fb864dc7a7a52b4d6cfe119fecb6e208c5d8f9433364ed1cf24d0818514515ec5e1aff915747ffaf287ff004014527867fe454d1ffebc61ff00d00514867c41e3bff9287e25ff00b0add7fe8d6a28f1dffc943f12ff00d856ebff0046b514789ffe453d67febc67ff00d16d5e330dcc76de19b695e7ba80add92925ac9b1d4ed6ef83db35ecbe28ff00914b5aff00af19ff00f45b578bdad8c1aaf86e2b53aa5ada3ace643e6c8a0f42318661eb9cd35b0ba87813fe4a1f86bfec2b6bff00a356bedfaf883c0a71f10bc344ff00d056d7ff0046ad7dbf5a172ca356d485f5ddddd5d0d37123b4e8e3cb28846d2ab8270473c827279ce69d6a90be9564f1ea524d0433403c90f19910339d81d847923218ecdd91e82a34d290dcdd4f3ebda6bbcf642d06d92350a022a06ff5873c28e3f954b1d8429636366753d14476932cc1e3902bc8c0e496fdf6d24818c95e074a061451452158e7d375a31df5cadbdbcd235c4585caee700ed7311da1881f286c9c1e0e29bac3593785f4d13b5c2dbfeef61470187c87193b4e78f614ada7a08af522d634646ba693f7e4a19551c82c991280c38ea41239c629750d32dafb45b4d386b56119b7d9fbcf3e23bb6a95e9bf8ebeb40828a28ae7d6cb496b392ec49a89823916267f3938660c40c6ccf456fcaae836abe139c5a34c63fb58c9998139da3d00ab71699770e892e911f8bed16d25903951320c001b2a079b8da77648c7240f4aab73610e95e1a96d5754b5bb769c483cb9109e80630ac7d339a1030a28a2bda7c31ff229e8dff5e307fe8b5a293c2fff0022968bff005e307fe8b5a290cf883c77ff00250fc4bff615baff00d1ad451e3a39f885e2523fe82b75ff00a35a8ad0bbb586faca7b3b94df04f1b4522e48dcac3046472383dab9b1f0dfc26063fb2dbff02a6ffe2e8a28030a19a4b79e39a191a396360e8ea705581c820fad7769f1afe2122051e212401819b4809fcca7345147fc2b7f09ff00d02dbff02a6ffe2e8ff856fe13ff00a05b7fe054dffc5d1451701dff000bb7e21ffd0c3ff9256fff00c6e8ff0085dbf10ffe861ffc92b7ff00e3745147fc2b7f09ff00d02dbff02a6ffe2e8ff856fe13ff00a05b7fe054dffc5d1451700ff85dbf10ff00e861ff00c92b7ffe3747fc2edf887ff430ff00e495bfff001ba28a3fe15bf84ffe816dff0081537ff1741f86fe13231fd96dff0081537ff1745145c03fe176fc43ff00a187ff0024adff00f8dd35fe35fc4274653e212011838b4801fcc2714515d25a5ac36365059db26c8208d628d724ed5518032793c0ef451450070934d25c4f24d348d24b2317776392cc4e4927d68a28afffd947494638396148004800f700000000000000000202021d1d1d1f20202021212424242c2c2c2e2e2e2f303231313130333533343435353632363833373b34383c363b3e383c413a3f423b40443c41453d42473e42473f454940404042424246464640454942474b42474c444a4e4949494b4b4b464c51494e534b51554b51564d52574d53584e53594e545851515152525253545554545455555555555756565650555a50565b51575c52585d53595e545a5f5858585959595b5b5b5d5d5d5e5e5e545b60565c61565d62585e63585e64595e64595f655960655a60665b62685c62685d64695e646a5f666c60606062626263636364646466666660676d61686e62696f6868686a6a6a6b6b6b6c6c6c6e6e6e636a70646b72656c72666d74676e75686f766870776b70746c71756a71786a72796b737a6c747b7070707272727474747575757777777878787a7a7a7c7c7c7e7e7e7c8286b50000c60000c80000df686880808081818182828282848784848485868786868683858884858885868986878886878a87888887888987888b88898b8a8a8a888a8d898b8e8b8b8e8b8d8f8c8c8c8d8d8d8c8d8f8f8f8f878c908c8e908e8e918e90928993988a9398909090929292919194919394929496949494959595949497969696959798979799909a9f97989a98989898999b9a9a9a999a9c9a9a9d9b9c9d9b9c9e9c9c9c9c9c9e9c9e9f9c9ea09ba6ab9da8ad9ea9aea0a0a0a1a1a1a1a4a6a4a4a4a6a6a6a6a8ada8a8a8aaaaaaacacacaeaeaeaaacb1abadb2acaeb2aeb0b4b0b0b0b2b2b2b0b2b6b3b5b6b4b4b4b6b6b6b3b4b8b4b6b9b5b7bab6b8bcb7b9bdb8b8b8bbbbbbb9babebabcbfbcbcbcbebebebbbdc0bdbec1bec0c3bfc1c4e99696eba0a0c0c0c0c3c3c3c1c2c5c2c4c6c5c5c5c4c5c7c6c6c6c3c5c8c5c6c8c6c7cac6c8cacbcbcbc9cacccacbcecbcccfcccccccccdd0cdced1cecfd2cfd0d3d0d0d0d0d1d3d2d2d2d1d2d4d2d3d5d5d5d5d6d6d6d6d8d9d9d9d9dadadadcdcdcdededee0e0e0e1e2e3e2e2e2e4e4e4e6e6e6e8e8e8eaeaeaecececeeeeeef0f0f0f3f3f3f4f4f4f6f6f6f8f8f8ffffff21f90401000000002c00000000480048004708ff0001081c48b0a0c18308132a5cc85020850a10234a9c48b1a2c58b1729341408c182053599428a1c49b2a4c993220304c8a432132803208a6552e311c246236372eadcc9b3a7cf9f40838e31b2b1881831a2c6295dcab4a9d3a750a3361575b4c846205bb660ca964dc90e65ca74e8d8a184ab1229f0fed92b43d62c1b7effe04969cbb5eb0e1dead689dd2b962ea6ac4036d68002c510326478ff298ea644c7611d4a66c55b32cb9763c4acee2df9f5abf1e1c74a96881e4dda333243846b6c4c61c4881e5ebc56b88041261f0c172b60cb8601e3dc35dcba67c330f63b37ecd8c27b2bfe678c37705e7a5aa7d80860c60f21d8b36bdfcebdbbf7efdd7fccffa04ebebcf9f3021f40cc912612acf7f0e3cb9f4f5fbea415f8571c82753f3f1d5869e800d1031b552082085fb8d2cb820c36e8e0831046282183ae7871600537e5f44736e8a4e3e187208628e2882496988e39d6f09113510d0dd145179d78e38d15659481073e8a9461858c5678824f19eef8a2238fbecc53c635ca0c29e38c35d658cd3b4d96f18f929dbc38c4463c60818523ce3843c61c7624f38f1d7390d1e59776f4a3d82e667a39475affbc526697678269c79d78e239a7338e68c9c3463324914420c2088386208a24aa882068147aa8a28b366a28a28a325aa8a394420aa9a5c20422e8780d9940041189e062eaa9a8a6aaeaaaacb69aea20a39aff80deacb4d66aebadb83e02c9aebcf6eaebafc0062bacaf8f94a75e05072860c619cc36ebecb3d0462bedb4cc2270c0801b1d4b8620dc0a72092bb0c8a2cbb8e4966beeb9e7e267aebabaa82b0819d8362481071ee0d1cabdf8e6abefbefcf2eb894a2ae10b700069dceb07bd126cc441090c37ecf0c310472cf1c41497c0418663a49000030d74ecf1c720872cf2c82437c0400232ac58d451a69863ce583bc41cb30e2ec32cf35d35df3cb3cb2ebf01c7cf4007fdf31b2e9b52d5464484114628e18403ca2cb4444dcb2ca034fdb4d45357ed34d45253ddb4d55c638db5d7e184a234111b05c105179a6cb34d1564d83126196454e17615bbb443c635c9d4ff7d371df828768ddf6ebf4dc63bbfc8f20edd8cd36df7369aac1dc4463e64910525d464aef9e69c77eef9e7a0734e89e53e6c64c3155734c20c334a34110f38ff34d18412abb7ee8962fcd0413bebb4e06ec7ecabd72ebbeceb2c17cdf0bb3782ba0d1bd1f0c4138410434c0820546f7d08d2536f7df5d84fbf3df7d267fffdf820744fc8f3346c14031248f4010c302dc070c33ff9dc00430befc70f8b3d379c930cfef093dffc2271bff7e54f8037b88115fe91c0041610187d605f0c3672822214210fb9c8050836b00118cc838320c8e00665b11c5f8450832b70c73feab1830d9c50841c8ce10efe11431066300f163cc1464a308421b4611bf208a210ff8748c4221af1884814223b16d1c312e0ea89508ca214a748c52a5af18a58b4222752a18a5578f18b600ca318c748c632865115a9e004758ee580020ce08d708ca31ce748c73ada118e045840bc1872ac0ce020129608a4200749c8421af290880c240e34b0c7851c6b0a74b083246421b64a5af29262c34f265710354dd2810a8d54c8b1ce1089529af294a84ca52a5559058009e00c9e2800026ae10bfcf82212670865422280010cb0a114c00ca6308749cc621a33982a2945329529805a94820dbd8cc04626f0810fa00216afc8a636b7c9cd6e7af39be0d4262c4e51cd096ce4022348a73ad7c9ce76baf39df08ce7082eb0910e9ce09ef8cca73ef7c9ffcf7efaf39f27e800c68442d0821a74272c62084ec6f0823f980215108da844274ad18a5af4a2a818c51d58a0b2862c7414e640072b92218d924a2319ac408748496a5294aa74a4263d694a558a8e383c031a38cda94e9f1107749863141d658851c4400a7290a305484d2a528daa54a532b5a94b352a39dc40d5aa5ad5aa4625c5d11a92b43088421c600dab58c74ad6b29af5ac6315c5d9900606307ce21bdf58433996530e41ac01ae6b90843dfea18f52d815afa0d8ab3dfc7a57b8c655108848ec2b96b39cbf7ee3136d455b4384f0a24d74a31b703bd235ca50b7cbc24d4dff504367319bb732b4637055b8ac6715238834f8231351e26c6abbb18917ff09e12a59c18436b441052bec621e74b30215764b85bced2d19c225ae15e8768d5d2477b7bcb5c225ea318f4b342eb8c3d5c65fb6109886f8400b5aa80436b0e102a8ba60bce56dea79c96bdef1a217a97290035491bade4a80b7740de981e526318d69d0e1129e08b0272e4187fefe57c0032eb07f012c6002f7d7c00c4630821d3c8d4958ae0758429d239ad18c2538410d8a71821396c0610f93e11f641031893bec097e8858c51c2ef18b674ce3153b02757f6a480da21005462c63193ba0053710113b26ece0c73b60c2f0847c6420d3e21e4df845348cfc63242b797858961d9597c1081eab46c78429c4318ed18215a8800dff50c10a5a30e632ebe0ff1d6a91029bc9bc82b9eec30c6b1e739bcdac823efbd9cf793e4621520328410d6218884eb4a217cde8463bfad18b1ec4a7362203f6012218c1608219d2400778a4c10c4cc0b4a6e7408f7ff42312a1ce7424d4840f41801ad3a2de741a664d6b5abf3a1880609f0c56738423ec4137bca90d6f8cb302def0c61ea020360caaf00f7e540106c601b6b197fd8f69431b367be8f5741a8282d66030172a68810bc8a08ff2aa2083e1aec23b8c616e74bfe21d2ed0c5355a70ee0c825bdc2ec837b3f39d6f7adfb03528a0e0a8ea90c10c18fce0062f38c20faef08567c0deb970b8c41f9e8b3a8c4a87a11a55306c610b5779fce320bf452c7a112bea5c073c281e4fb9cac3631e12b8fce5308fb9cc674ef39acf3c8b38cfb9ce773ec58000003bffd8ffdb004300080606070605080707070909080a0c140d0c0b0b0c1912130f141d1a1f1e1d1a1c1c20242e2720222c231c1c2837292c30313434341f27393d38323c2e333432ffdb0043010909090c0b0c180d0d1832211c213232323232323232323232323232323232323232323232323232323232323232323232323232323232323232323232323232ffc00014080048004804012200021101031101042200ffc4001f0000010501010101010100000000000000000102030405060708090a0bffc400b5100002010303020403050504040000017d01020300041105122131410613516107227114328191a1082342b1c11552d1f02433627282090a161718191a25262728292a3435363738393a434445464748494a535455565758595a636465666768696a737475767778797a838485868788898a92939495969798999aa2a3a4a5a6a7a8a9aab2b3b4b5b6b7b8b9bac2c3c4c5c6c7c8c9cad2d3d4d5d6d7d8d9dae1e2e3e4e5e6e7e8e9eaf1f2f3f4f5f6f7f8f9faffc4001f0100030101010101010101010000000000000102030405060708090a0bffc400b51100020102040403040705040400010277000102031104052131061241510761711322328108144291a1b1c109233352f0156272d10a162434e125f11718191a262728292a35363738393a434445464748494a535455565758595a636465666768696a737475767778797a82838485868788898a92939495969798999aa2a3a4a5a6a7a8a9aab2b3b4b5b6b7b8b9bac2c3c4c5c6c7c8c9cad2d3d4d5d6d7d8d9dae2e3e4e5e6e7e8e9eaf2f3f4f5f6f7f8f9faffda000e040100021103110400003f00f7ab8b88ad2d65b999b6c512191db04e140c9381c9e2b2878af456008bb6c1ff00a6127ff134be2fff00912b5eff00b075c7fe8b6af9ef40f0ed96a1035c5eb4b87384d8eca171f434c4781430c9713c70c31b492c8c1111464b3138000f5aeed3e0afc4274571e1e201191baee007f22f91583e04ff009285e1affb0adaff00e8d5afb7ebe84ff84ab46ff9fb6ffbf127ff001347fc255a37fcfdb7fdf893ff0089af181e08d108ff005b27fe0437f8d1ff0008468bff003d5fff00025bff008aa340d4f903fe1497c43ffa17bff276dfff008e51ff000a4be21ffd0bdff93b6fff00c72bebfa2bd9ff00e12ad1bfe7edbfefc49ffc4d1ff09568dff3f6dff7e24ffe26bc63fe108d17fe7abffe04b7ff001555752f0ae87a6e9d3de3348eb12ee205cb0fd73c0a340d4f903fe1497c43ff00a17bff00276dff00f8e51ff0a4be21ff00d0bdff0093b6ff00fc72bebfa2bdc7fe12ad1bfe7edbfefc49ff00c4d21f15e8aa09376d81ff004c24ff00e26bc08689a0b5b452433c172d2dc2db27d9b516917737ab0e9f4c1aa7aa6876d6d62d756eb244f04ef04a865691588c7209fafa51a06a7c81ff000a4be21ffd0bdff93b6fff00c729aff057e2122339f0f1200c9db77013f907c9afb068afa7adee22bbb58ae616dd14a82446c11952320e0f238a2b2fc23ff225683ff60eb7ff00d16b45219f01cd0c96f3c90cd1b472c6c51d1860ab038208f5a2b77c77ff00250bc4bff615baff00d1ad452f8b067c1bae0f5d3ee3ff0045b5785689add869da625b5c43705d49398d548393ee457bcf893fe456d5ff00ebca6ffd00d78bc3a45a1d2c6a5a86ad3da42f2f948b144ac01c679c827b1a684c3c09ff00250fc35ff615b5ff00d1ab5f6fd7c41e04ff009287e1affb0adaff00e8d5afb7e97fe129d2bfe78de7fdfb5ffe2a8ff84a74aff9e379ff007ed7ff008aa7db693a25e79ff67f10dec9e442d3c98810615719eabef51c1a7e8173711410f892f5e595d5117ecea3249c0eab4681a8514514bff094e95ff3c6f3fefdafff00154c97c4da5c913a2adf46cca40748d32a7d46588cfd41a74fa7e816d712c137892f52589d91d7ecea7041c1e8b56350d074ad334bb6d46ef5ebe4b5b82a1184087ef29619017d050dc52bb2a109d4928c15db0a28a2b9878bc3b299a69a4d5e4bc96e22b9fb595883abc6309803098033d54e7273db0eb8bad353439ec2d0dfcd24f70d70f2dd6dc9762093f2f03a74000ad0f37c2bff00433df7fe028ffe22acff006758cda4b6a9a66ad71770473792eb344a9938078c007b8a98d4a72764cdaae0f134a3cd520d2f341451457b4784c63c1ba18f4d3edfff0045ad152786ff00e456d23febca1ffd00514cc0f883c77ff250fc4bff00615baffd1ad451e3bff9287e25ff00b0add7fe8d6a28f12ffc8abac7fd794dff00a01af30d2b537d37c396b2246d26fbb31945600b020f009071c81dabd3bc4dff0022a6b1ff005e337fe806bc96cb12787aca2fb399ddefb11a876421b0707208c63eb4fa0ba87813fe4a1f86bfec2b6bff00a356bedfaf883c09ff00250fc35ff615b5ff00d1ab5f6fd6f4fae48353d46d61c85b4b5773b9837ef57191900640391d39c54f7ba9cb6e34e11c9b9e59e38ae14e0ec2ca8d8e8307e63d0b0e3a8e95872c161a6eafaadac50a4ac2c1a5926124844a1955f1cb1ebbbaf5fa53e35b29ac34abb1e65c324b1858bed2d22dae5f68c83292bd01fbb8e40a061451456c0d55decafe449e333db34c7699101508c028d846e6c82791c0c5136a53ff00666992acf0432dd346ad24d9d80b213ce01c72076fd2b2ae6de13a35fdc3c73342f73316b68ee5c2bec61b9d93cd1ea3eea9c639c7151eb13da0f0c69cd3da89203e5ed8f7b0dbf21c720e7f3340828a28ad0baf11be951c315fdbcb25e382d2471caa82319c28394392719fa1154355d53fb53c3b7732eef296f3645bc00db3008ce38cf359731b2bf8a4d4a7b2b7909196326a1890e38fb864dc7a7a52b4d6cfe119fecb6e208c5d8f9433364ed1cf24d0818514515ec5e1aff915747ffaf287ff004014527867fe454d1ffebc61ff00d00514867c41e3bff9287e25ff00b0add7fe8d6a28f1dffc943f12ff00d856ebff0046b514789ffe453d67febc67ff00d16d5e330dcc76de19b695e7ba80add92925ac9b1d4ed6ef83db35ecbe28ff00914b5aff00af19ff00f45b578bdad8c1aaf86e2b53aa5ada3ace643e6c8a0f42318661eb9cd35b0ba87813fe4a1f86bfec2b6bff00a356bedfaf883c0a71f10bc344ff00d056d7ff0046ad7dbf5a172ca356d485f5ddddd5d0d37123b4e8e3cb28846d2ab8270473c827279ce69d6a90be9564f1ea524d0433403c90f19910339d81d847923218ecdd91e82a34d290dcdd4f3ebda6bbcf642d06d92350a022a06ff5873c28e3f954b1d8429636366753d14476932cc1e3902bc8c0e496fdf6d24818c95e074a061451452158e7d375a31df5cadbdbcd235c4585caee700ed7311da1881f286c9c1e0e29bac3593785f4d13b5c2dbfeef61470187c87193b4e78f614ada7a08af522d634646ba693f7e4a19551c82c991280c38ea41239c629750d32dafb45b4d386b56119b7d9fbcf3e23bb6a95e9bf8ebeb40828a28ae7d6cb496b392ec49a89823916267f3938660c40c6ccf456fcaae836abe139c5a34c63fb58c9998139da3d00ab71699770e892e911f8bed16d25903951320c001b2a079b8da77648c7240f4aab73610e95e1a96d5754b5bb769c483cb9109e80630ac7d339a1030a28a2bda7c31ff229e8dff5e307fe8b5a293c2fff0022968bff005e307fe8b5a290cf883c77ff00250fc4bff615baff00d1ad451e3a39f885e2523fe82b75ff00a35a8ad0bbb586faca7b3b94df04f1b4522e48dcac3046472383dab9b1f0dfc26063fb2dbff02a6ffe2e8a28030a19a4b79e39a191a396360e8ea705581c820fad7769f1afe2122051e212401819b4809fcca7345147fc2b7f09ff00d02dbff02a6ffe2e8ff856fe13ff00a05b7fe054dffc5d1451701dff000bb7e21ffd0c3ff9256fff00c6e8ff0085dbf10ffe861ffc92b7ff00e3745147fc2b7f09ff00d02dbff02a6ffe2e8ff856fe13ff00a05b7fe054dffc5d1451700ff85dbf10ff00e861ff00c92b7ffe3747fc2edf887ff430ff00e495bfff001ba28a3fe15bf84ffe816dff0081537ff1741f86fe13231fd96dff0081537ff1745145c03fe176fc43ff00a187ff0024adff00f8dd35fe35fc4274653e212011838b4801fcc2714515d25a5ac36365059db26c8208d628d724ed5518032793c0ef451450070934d25c4f24d348d24b2317776392cc4e4927d68a28afffd9, '1');
INSERT INTO `product` VALUES ('1022365487', 'ยูเซอร์', 'เป็นโฟลเดอร์ใหม่', '08', '005', 100, 200, 8, 0x89504e470d0a1a0a0000000d49484452000000300000003008060000005702f987000008794944415478daed5a797014551a0f2287a0322af7b10e24a02bb2746995bbe596458420c8b5e11210481ac215720d10f6300b3ba2b022c22ca2e002d29a0c8b0b16b3b096ae06e9a0a54b3812ee2b9cc5595030dcff7efbfbbda4b33dc3648e64a2b5d676d5573dddfd7dbfe3bdd7efbd0e248848c2ff7224fca40cf0282b2b73949797bbf6eeddebdebf7fbf7ee0c00147c28f7080d7097e0f7498d0e3812e27ef8735b073e74e0dc9fef3e7cfcbe5cb97e5e2c58b72e8d0a1f283070f6a3fa478f21d3b76cc4f0db76edd924b972e090cf977eddaa58535b063c70edf952b575411e3f6eddb72edda35397cf8b01f467e1013e4a9a8a8f0dfbc7953f15b5aae5ebd2ad417d6406969a92a6458062c13478e1ca977136828edf8f1e3d5e2ed06780f06ccb006b66fdf6eda0dd84df8fd7e658224f525fec489137e3ba765807ac88f068e68c07dfaf4e99006eedcb9a3408e1e3dea8791b89a209e259e3ca15a1f39027da9116721b834ce9e3d7b8f01bb09be60f1328106d14e9e3c592d3e9401e4b0f58d88b3907530f9dcb973210d30ae5fbfae4c903c1ee2edd8c1c3073c1cfb86551395011e2c0a3661915826385b80a056265877ead4297f30ae5d3cf003c4c7648007d6056522542fdcbd7bb7d626ece28913ca00c5933fb83626033cb078185cd842f502c96fdcb811938968c4632a15f286aa8fd9403813146099e0fc0d23614df03966b96af1a10c50fceeddbb8d9a306a658007412f5cb810b217a231110ff17532501713f1125f670355bb5565229481502642890f3680454c881b0d7f9d0dc468428fa7f8b81988c1845ab9e3253eae062299c05429f818514133c1e2b1020bbe3d8c5839e36a800745f0c3c72e6edfbe7d525252a23660d896b095d5a25757f1f562209489e2e2623973e64cf5b7c4d6ad5bd570a189ba88af37033cf6ecd9e3b386d3962d5b28520d1d7c042903552b367bc757179e7a31c05d25b7076c659ae0fe69fdfaf5e2f57a65e3c68dea9bd6beeda8cb2e36ee0682b7c496095edbc77dbcb6e2b532905d94a4e57893dc39deaebe9cb55dcddcca300a36fcdabde7f0f7011f23c12682576dcbc4b6b24de5c070237cc4232ef08d9ca22417c2191703d38d2e5ad64789667661a2c084e4fffd1752b0f1572af81ba60464626c9b29e7ae54dcb3a3b49bb08c549c2f93255f8c5675acffdda7cf066092877c591f7531c0efacb58169ab9d7ae6879d25a7b09bbcf1595f59f9fd6459533afdbfb13d53567c9b8e6729925bf484ccf4f694d2a39b030c606f73ca6ea2e4c05a812895bfe0f3feb2f2bb490ac78ebbe25b5df19117fcfea9ab9cc9311b98fcc1cff4297f7d5c66af7b46de2d1923cb21f4bd6de364e1bf06cbeb9b7aab78e7aba1b89f26ef7f335e967c3d425cdeee3275b553f69e340336663c732b6eeef30a1a45667ff28c2c3547a9ba652563efc1a401f279be1e297985dd853aa027396a03139775d432deef24aec21eb278cb50881b2e051b9e97ccd55d2ac1103c4f59f9b8641bdd64dee63e2a6fe1978370fd8464adfab97cf3efe28079fe1f5b3ff44184cc28ea218b8a87a8fc824f8999588965c3cd5a831edf9ca278dffe6a88ba861e3f7439a232a0ffa5bd3979b953e67dd65b167cd14f66c048c67b1d01d2d1376979a7544b147f03d8c45966aded296f7e9e227337bdc03c015980015c9b533fe82cee7ff652793492813ad413333910b3a349be595e4df1cff5bd2013deed20d015f9af12e3df69aba52d6e2baea2a765cea6e725efe3ee2c4474d06b9a15006e90207f9d2605be5faa16634dfa9276aac5d23ded345ee7153d25aff99e03e6534a10a2464c8a650d87307564ae4a12ea1ab7a88d23ac81b16fb5f68c5dd85a667ed21d33420f88682f301571e54c5bd2ae7cc252b4dafaa7f18276638d8c5fd456091cbfa88d87d7ae754f2a5cddd35e901f111335e5683899bda1a7e4799f94b10bdb08f4e9610d8c9edfd24c5bdc4e72ffd655f0f6cbab6fb56651c40567dcdb6d7404a6be44c19cce1ad6baf90c67331da231cf2b4ce6212262522cf9b33e4e547ac6cc6f25d0e70e6be095d71f35d903d985491cc732facd96512dcfaffeb99573cc82561cd38a10adcf5a93cf78e635ef4fc4d8665e349810ec243f31a987baa82fac81e1731ce698f92d25734d67c1d895917f7a242a32003b1132616907cedd024332d2fda832c033afa7e13e870ff3a2c104b793fc6cc8cc355d84baa82fac81a17f78d82401a7481a1856d08211b1bb47cc71e80057b315a7c2e17f6c817078f80c6773d41b8fa9fbc4442e8544c404864e7ef600f5401b23fc101a32fb410f427535c5b028f5f70f457ce1681c421519c73b6a100fab9718670faf272eeba070532b8544fc1e404d390d4c5ad149f51c7521c2bfc4836634d306ce68a6ba8b531d5b6e707e73468d531e400d82f3c5d597b6e7d05135b8a7a6d121f90f6abc26269f13d3125323667e7363f0ace66adc53078712b4c9a099cd1d1117b297739b9a035dcdd48b88e94e86bdd64206ba1e4034f30dc87ba0baeb712f15a02a972dc5799a846c0044400b23c704b99a8198c77ce6a1de079c004ce68247f1929fd3e7cb394d05baa2fbf37abfac265abfccc674ab04917428c008d23fbb49259815b94d558b338fb30b8d22c78ffb01ffb289dc64d65a3dc57c0a64bd1d8f39144f4cf2f2e5e775bfe98dfdfdb39a38a2deccf59dd2484f9972bf0c0001bb9cddcf33c7f96f7efb908a61f8cdfb9cea4848f297a6359297321ba7861a16b8aff7c5f30130396ade63aa8e98c36c98c3ab30199c4cd098421d7da7364a8e793bdd27a3a1de7be27dd23ba3a10c466f8c98fb88bc02a1f6202187429f490d197e90a5867b315326dfaf57e50ac7788d981896e405bf1fb9a9b5fea049d61b68c9e90dcc5ee909d22b2d4111b3451834978cfbc8911727dc67e0da19cdfc8e3c0df92670557d3026797a55e21a2fea0d9c71f9a404a88670237c08b32af8db8570d6e6dbb6b6983fedff2bf17f033f42fc0797f0aad3012570270000000049454e44ae426082ffd8ffdb004300080606070605080707070909080a0c140d0c0b0b0c1912130f141d1a1f1e1d1a1c1c20242e2720222c231c1c2837292c30313434341f27393d38323c2e333432ffdb0043010909090c0b0c180d0d1832211c213232323232323232323232323232323232323232323232323232323232323232323232323232323232323232323232323232ffc00014080030003004012200021101031101042200ffc4001f0000010501010101010100000000000000000102030405060708090a0bffc400b5100002010303020403050504040000017d01020300041105122131410613516107227114328191a1082342b1c11552d1f02433627282090a161718191a25262728292a3435363738393a434445464748494a535455565758595a636465666768696a737475767778797a838485868788898a92939495969798999aa2a3a4a5a6a7a8a9aab2b3b4b5b6b7b8b9bac2c3c4c5c6c7c8c9cad2d3d4d5d6d7d8d9dae1e2e3e4e5e6e7e8e9eaf1f2f3f4f5f6f7f8f9faffc4001f0100030101010101010101010000000000000102030405060708090a0bffc400b51100020102040403040705040400010277000102031104052131061241510761711322328108144291a1b1c109233352f0156272d10a162434e125f11718191a262728292a35363738393a434445464748494a535455565758595a636465666768696a737475767778797a82838485868788898a92939495969798999aa2a3a4a5a6a7a8a9aab2b3b4b5b6b7b8b9bac2c3c4c5c6c7c8c9cad2d3d4d5d6d7d8d9dae2e3e4e5e6e7e8e9eaf2f3f4f5f6f7f8f9faffda000e040100021103110400003f00f6f9bed1fda6fb2edd62f253116d5201cb6581c67278079c70300739f1af8a3adfc4bf075d3ea5a6ebcf2e892b7fcf940c6d893c2b1f2f952780c7e879c16aff0016fc67a9f827e2ee9ba85836f89b4a896e2d99b093279d3707d08e707b7b8241f52d035ed17c7be1a1756a52e2d27531cd04aa094247cc8ebcf63d3a107b820900c0f837f0c341f1be93a8ea1ac4d70cd04e208e0864d9b7e5077938e739c0fa1ae73e25fc31bef016a0258cbdd68d3b620ba23953fdc7c746f43d08fc40c3f0678cf54f046b89a969b2654e167b763f24e9fdd3fd0f6afad345d6bc3df137c20ee889756572be5dcdacbf7a26eeac3b11d411ec457cd7ff000bb7e21ffd0c3ff9256fff00c6e8ff0085dbf10ffe861ffc92b7ff00e37573e29fc2c9fc1d74fa9e988f2e872b7bb35a9278563dd49e031fa1e705b6be127c243acb41e21f10c18d3861ed6d241ff1f1e8ee3fb9e83f8ba9f97ef007c534577ff137e195ef80f52f3a1df71a2dc362dee48e50ff0071fd1bd0f423f10363e12fc2597c5d711eb3acc6f16871b7c88721aed8761e89ea7f01dc8eefe165efc43f1042badf88f5b74d31d736f6df64851a70470e484042f718e4f5e98ddea1666637d73e65d3ca9b230b1955010e5b27800e4f19c9c70300739e5bc75e39d33c07a27da2e0892ea4056dad54e1a56fe806464f6cf72403c5fc06f10ea5e28d67c5faa6a93996e24fb200070b1afefb0aa3b019fe64e4926801bf0abe114de3271ab6b225b7d0d090817e57b961d94f651ddbf01dc8adf19bc0ba3f8235bd3d346924586f21676b791f798ca90320f5c1cf7f43cfa7d01e3af1d691f0e3c3c84c719b929e5d8d84585dd8181c0fba838e7f015f237883c41a9789f599f55d56e0cd7531e4f4545ecaa3b28f4ae2ff0068eff9287a7ffd82a3ff00d1b2d705e0bf1a6a7e08d6d750d3db7c4d85b8b666c24c9e87d08e70ddbdc120fb27c5cf0c0f107c52b17b9256ce1d2e2dfd47987cd98edcf61ebdf91eb918328f016993c5a7cf058f9a06dcbc6871819f989071c63ef1e7deb92ae3234e7c8936cce551276332ba2f0678cf54f046b89a969b2654e167b763f24e9fdd3fd0f6adaf85bf0ee4f1febb2a4f2bc1a5d9857ba953ef367eea2fb9c1e7b007dabda2eacfe0af872f1741bd87484ba53b184a8f2b29ff006e4c1da7ea457b5db6b7a7f89bc296f7df663f63bf886e8ef62da023039dc0f041e9dc1cf04839aabe2bf1941e11f084bac4b6934db06d8d225255989c292d8c2a93fc47d7b9201e7eebe237f627876eaeee6d9ef64b78f7db98576990e70437a63a938e809c64729ad78dadf59d14ee8cdae9d3419b85b941bc865f99083c2800907f1a1e3692a7cf7f9751fb456b9dce93a868ff0010fc1915d3d999b4ebf8c87b7b98f1c83823df047047a641aa9e38f1758fc3bf090bd1665c2e2ded2da24da9bb1f2a920615401fa7153f8b7c4b6be07f04cdac5bd87da2dad5112182df0a801215391c2af23900d4b26a1a2f883c0c9a96b76f1c3a45ddaa4f3457d8011080c3776f4c7e15f357887c43a978a3599b54d52732dc49c003858d7b2a8ec067f9939249af6bfd997fe669ff00b74ffdad5910daf81bc40b35a59dbd9f98a4a9088aa4e08e41501b19c723835d8fc0bd01fc3faa78aadf733c0e2d5a27239c666e0f6c8f6f5078ce29d1c5c6a4b91ab308cd3763e34f10788352f13eb33eabaadc19aea63c9e8a8bd9547651e95995f51da681f07be2009f4cd1a2b11768a483688f6f2ae3f894103701f422bc07c75e0ebbf03f8a27d1ee5fcd4004b6f3818f36239c363b1c8208f506ad7c4eb954f16c70ab8f30e9ca76e79e6493f9e0fe55f376a7a7dfc7ab4d1cb14b2cd2c8ecae23ff005bdc9007d7381d2be97f88df0ebc4de27f1a5aeb5a2dee9d15bc76496d2c5752c8a5cabc8d9f9518747183f5fc7317e13f89994192e34632639fdec879ff00bf63358ca1568d694e11ba90acd49b47b5fecd9756ede1dd6acc32fda52ed6565efb190007f356af0bf1078735dd2fc4f73a5ea3697326a4f3363f76cc6e0927e75fef03d7228f09f8b354f066b91eaba54a16551b248dc652543d5587a71f857b95b7ed29a4b598375a05ea5d63948a546427fde383fa579e5cca6d3c08d6f704238b3f2f048e0f97b71f9f149e28f3f53f0b6db27debc315401bcc5ce703f43c75c63bd751adfc13f1beadfba1a8e891db83cafda25cb7a67f75fa7f3a9f46f835e36d3a116f3ea1a24b08e14f9f292a3d3062e47f2ac1612ac62aa25ef277b13c8f735b55b69fc37fb36c963af9c5da69fe49476e55d9ff00769f55ca8ff80d3fe2ad85ef8a3e0d58cbe1e57b8887d9ee9a28064c90843c051d704a9c7fb3ed5e25f10fe286abf10268a29a25b3d3207df0da46dbbe6e9b9dbf88e091d0019e9d6b53e1d7c65d4bc136834bbcb6fed1d2812638cbed920cf5da790477da7bf422bc7fc2569743c4504c20902425d5d8ae029da463eb9238eb5f4a7c2ab949eef5c50e0b20b7c8cf3ff2d067f43f9573d27c27f14ac6de45ce8e1fde6917f5f2ce3f2ae8fe15f8175ff075ceb73ebb796370f7fe47942d1dd8204f3320ee55c0f9c63af7cd6f4e9d4a95d569ab59149372e6667fc21d0b58d4be2369573610ccb1595c096e67da42c683ef293eac32b8ebcd75bfb495d5b49e28d1ed63da6e61b4669483d159fe507fef963f8d6eeadfb49d90b261a3e8570d764615aedd4221f5c2925be991f5af05d6758bed7f57b9d53529da7bbb97df239fd001d8018007602bffd947494638396130003000f700000000003f5e003f5f00405f00405f01406001426202426303436403446604456805466805476906476b07486c07496d08496e084a6e084a6f094a70094b70094b700a4b710a4c710a4c720b4d720b4d730b4d740b4e750c4f760d50780d50790e51790e517a0f527a0f527b0f537c0f527c10537c10537d10547d10547e11557f115580125680125681125782135783135884145985145985155986155a87155a88165b88165b89165b89175c8a175d8b185d8c185e8d185e8d195e8e195f8f195f8e1a5f8f1a608f1a60901a60901b60911a61911b61921b62931b61911c62931c62941c63941c63951c63951d63961d64961d64971d65981e65991f66991f669a1f659620679821679b20679c20699b24689c20689d21699d21699c22699c23699e21699e226a9f226b9e266c9f266c9f276b9b296ba0236ba1236ca2236ca2246ca3246da3246da2266ea3266ea3276da4246da5256ea5256ea6256fa12a6fa12b6fa22b6fa32a6fa42870a22d70a32c71a22d71a32d70a42b70a72872a42f73a52f72a82b73aa2c74a92d74a92e75ab2f73a43074a73075a73275a83277ac337aaf367baf377bab3a7bac3a7bae387eaf3d7db13a7eb13d80b33f81b14282b24383b24482b44283b44483b44584b64486b74786b64889b84d89b94c8aba4e8bbb4e8eb7588cba518dbc518ebd538ebd548fbd5591bf5792c05993c05b94c15c95c25d96c35e96c35f97c35f97c3609ac5649ac6659ec8699ec96a9fc172a4a4a4aaaaaaaeaeaebbbbbbbcbcbcbebebebfd2a4c0d4a5c9d9b2d1debfc0c0c0c9c9c9cecececfcfcfd1d1d1d2d2d2d6d6d6d8d8d8d9d9d9dadadadbdbdbdcdcdcdddddddedededfdfdfdbe5cee4ebdbe0e0e0e1e1e1e3e3e3e4e4e4e5e5e5e6e6e6e7e7e7e8e8e8eaeaeaebebebedededeeeeeeefefeff0f0f0f1f1f1f2f2f2f3f3f3f4f4f4f5f5f5f6f6f600000000000000000000000000000000000000000000000000000000000000000000000000000000000000000000000000000000000000000000000000000000000000000000000000000000000000000000000021f90401000000002c00000000300030004708ff0001081c48b0a0c18308132294060e5cb887e2b8299c084e9cb8870d8f4d4458cda2b87120bd150c07729cc7651b531e0c276e59b570dd3c8aeba632e18d408380284c22c8cd8e813bfc0412a29048213c381432c070234788070e1e4885b0e2c60c0a061d70b071430404a95025acc84143c2c46c0dc36daba9f25bb886da54528368719cc88d243d3e54c676a2358fc47e1903162ca638667d0f524184aa95aa4e94288962b5aa549f2cbef80aa4b66b4ba253ab524196fcaa95293b5426b6a8f26384c2134ca89018f882ca0f140a4738a90222b1efdfc08317fcf62d6d3889c20138c4f80db9c269cb3dd264cbd222c664be5f7a0c9990a449eb9a9303ffe85837a4326e254f8a57d83197306fc57479c3be5e609a35841e3d2204870dad671785a3cc4b1039130a1b7028a21f216ba4519315976cb207130641018826923451d0159368c2c713063161c826901ca1d00d6a28018342333881860e03e980c61233280483136adc909005311cf1c206086d55c40a400ab4410c45bcc001421adc70840a176c64c00119a4c0c2952c986001020a21808006566269420507d467e699eb51838d356802800d38d72844dc726bade7d65be07c931034c545e7dc6f156194a7311341f75075d3f555dda1e02053d33487d695285edf05485f5f7355c79d42dee915de6fda9577d74820795a1f791f6d0a807795a28426aa2035ff33cc30de548a589b03fd250e2ed1a8a5cb32dddc8a2b412e4d634b2db75c63d7b0045564914b74593429705db491492cb3642b8b2b98bcf1472f7b8df7102f62bcc1092cb2643bcb2b99b4a19213798c424a235e50310515559051c9289e9461464152f001ca288e7c4185bd548c6109299f8c31110f7a4452c710081d71082363502cd010772c428789070d8148245af090500f7360518342399c21870d0305110716392854031a73c890500c60fca082422d18d1050d03d1c085102d28a4821261c49010074b30d15b422638118407037980c4121fe41685104b2654810e3e88805541158cc0c30d161484410e3c8cd076411288e0030e0f6c9440042fc439f082091d7450420c30ace0c002072930810b30bc5042e026c410430b0d24c096000120904002060c50404a040ca039e70108c0ece9a8031010003bffd8ffdb004300080606070605080707070909080a0c140d0c0b0b0c1912130f141d1a1f1e1d1a1c1c20242e2720222c231c1c2837292c30313434341f27393d38323c2e333432ffdb0043010909090c0b0c180d0d1832211c213232323232323232323232323232323232323232323232323232323232323232323232323232323232323232323232323232ffc00014080030003004012200021101031101042200ffc4001f0000010501010101010100000000000000000102030405060708090a0bffc400b5100002010303020403050504040000017d01020300041105122131410613516107227114328191a1082342b1c11552d1f02433627282090a161718191a25262728292a3435363738393a434445464748494a535455565758595a636465666768696a737475767778797a838485868788898a92939495969798999aa2a3a4a5a6a7a8a9aab2b3b4b5b6b7b8b9bac2c3c4c5c6c7c8c9cad2d3d4d5d6d7d8d9dae1e2e3e4e5e6e7e8e9eaf1f2f3f4f5f6f7f8f9faffc4001f0100030101010101010101010000000000000102030405060708090a0bffc400b51100020102040403040705040400010277000102031104052131061241510761711322328108144291a1b1c109233352f0156272d10a162434e125f11718191a262728292a35363738393a434445464748494a535455565758595a636465666768696a737475767778797a82838485868788898a92939495969798999aa2a3a4a5a6a7a8a9aab2b3b4b5b6b7b8b9bac2c3c4c5c6c7c8c9cad2d3d4d5d6d7d8d9dae2e3e4e5e6e7e8e9eaf2f3f4f5f6f7f8f9faffda000e040100021103110400003f00f6f9bed1fda6fb2edd62f253116d5201cb6581c67278079c70300739f1af8a3adfc4bf075d3ea5a6ebcf2e892b7fcf940c6d893c2b1f2f952780c7e879c16aff0016fc67a9f827e2ee9ba85836f89b4a896e2d99b093279d3707d08e707b7b8241f52d035ed17c7be1a1756a52e2d27531cd04aa094247cc8ebcf63d3a107b820900c0f837f0c341f1be93a8ea1ac4d70cd04e208e0864d9b7e5077938e739c0fa1ae73e25fc31bef016a0258cbdd68d3b620ba23953fdc7c746f43d08fc40c3f0678cf54f046b89a969b2654e167b763f24e9fdd3fd0f6afad345d6bc3df137c20ee889756572be5dcdacbf7a26eeac3b11d411ec457cd7ff000bb7e21ffd0c3ff9256fff00c6e8ff0085dbf10ffe861ffc92b7ff00e37573e29fc2c9fc1d74fa9e988f2e872b7bb35a9278563dd49e031fa1e705b6be127c243acb41e21f10c18d3861ed6d241ff1f1e8ee3fb9e83f8ba9f97ef007c534577ff137e195ef80f52f3a1df71a2dc362dee48e50ff0071fd1bd0f423f10363e12fc2597c5d711eb3acc6f16871b7c88721aed8761e89ea7f01dc8eefe165efc43f1042badf88f5b74d31d736f6df64851a70470e484042f718e4f5e98ddea1666637d73e65d3ca9b230b1955010e5b27800e4f19c9c70300739e5bc75e39d33c07a27da2e0892ea4056dad54e1a56fe806464f6cf72403c5fc06f10ea5e28d67c5faa6a93996e24fb200070b1afefb0aa3b019fe64e4926801bf0abe114de3271ab6b225b7d0d090817e57b961d94f651ddbf01dc8adf19bc0ba3f8235bd3d346924586f21676b791f798ca90320f5c1cf7f43cfa7d01e3af1d691f0e3c3c84c719b929e5d8d84585dd8181c0fba838e7f015f237883c41a9789f599f55d56e0cd7531e4f4545ecaa3b28f4ae2ff0068eff9287a7ffd82a3ff00d1b2d705e0bf1a6a7e08d6d750d3db7c4d85b8b666c24c9e87d08e70ddbdc120fb27c5cf0c0f107c52b17b9256ce1d2e2dfd47987cd98edcf61ebdf91eb918328f016993c5a7cf058f9a06dcbc6871819f989071c63ef1e7deb92ae3234e7c8936cce551276332ba2f0678cf54f046b89a969b2654e167b763f24e9fdd3fd0f6adaf85bf0ee4f1febb2a4f2bc1a5d9857ba953ef367eea2fb9c1e7b007dabda2eacfe0af872f1741bd87484ba53b184a8f2b29ff006e4c1da7ea457b5db6b7a7f89bc296f7df663f63bf886e8ef62da023039dc0f041e9dc1cf04839aabe2bf1941e11f084bac4b6934db06d8d225255989c292d8c2a93fc47d7b9201e7eebe237f627876eaeee6d9ef64b78f7db98576990e70437a63a938e809c64729ad78dadf59d14ee8cdae9d3419b85b941bc865f99083c2800907f1a1e3692a7cf7f9751fb456b9dce93a868ff0010fc1915d3d999b4ebf8c87b7b98f1c83823df047047a641aa9e38f1758fc3bf090bd1665c2e2ded2da24da9bb1f2a920615401fa7153f8b7c4b6be07f04cdac5bd87da2dad5112182df0a801215391c2af23900d4b26a1a2f883c0c9a96b76f1c3a45ddaa4f3457d8011080c3776f4c7e15f357887c43a978a3599b54d52732dc49c003858d7b2a8ec067f9939249af6bfd997fe669ff00b74ffdad5910daf81bc40b35a59dbd9f98a4a9088aa4e08e41501b19c723835d8fc0bd01fc3faa78aadf733c0e2d5a27239c666e0f6c8f6f5078ce29d1c5c6a4b91ab308cd3763e34f10788352f13eb33eabaadc19aea63c9e8a8bd9547651e95995f51da681f07be2009f4cd1a2b11768a483688f6f2ae3f894103701f422bc07c75e0ebbf03f8a27d1ee5fcd4004b6f3818f36239c363b1c8208f506ad7c4eb954f16c70ab8f30e9ca76e79e6493f9e0fe55f376a7a7dfc7ab4d1cb14b2cd2c8ecae23ff005bdc9007d7381d2be97f88df0ebc4de27f1a5aeb5a2dee9d15bc76496d2c5752c8a5cabc8d9f9518747183f5fc7317e13f89994192e34632639fdec879ff00bf63358ca1568d694e11ba90acd49b47b5fecd9756ede1dd6acc32fda52ed6565efb190007f356af0bf1078735dd2fc4f73a5ea3697326a4f3363f76cc6e0927e75fef03d7228f09f8b354f066b91eaba54a16551b248dc652543d5587a71f857b95b7ed29a4b598375a05ea5d63948a546427fde383fa579e5cca6d3c08d6f704238b3f2f048e0f97b71f9f149e28f3f53f0b6db27debc315401bcc5ce703f43c75c63bd751adfc13f1beadfba1a8e891db83cafda25cb7a67f75fa7f3a9f46f835e36d3a116f3ea1a24b08e14f9f292a3d3062e47f2ac1612ac62aa25ef277b13c8f735b55b69fc37fb36c963af9c5da69fe49476e55d9ff00769f55ca8ff80d3fe2ad85ef8a3e0d58cbe1e57b8887d9ee9a28064c90843c051d704a9c7fb3ed5e25f10fe286abf10268a29a25b3d3207df0da46dbbe6e9b9dbf88e091d0019e9d6b53e1d7c65d4bc136834bbcb6fed1d2812638cbed920cf5da790477da7bf422bc7fc2569743c4504c20902425d5d8ae029da463eb9238eb5f4a7c2ab949eef5c50e0b20b7c8cf3ff2d067f43f9573d27c27f14ac6de45ce8e1fde6917f5f2ce3f2ae8fe15f8175ff075ceb73ebb796370f7fe47942d1dd8204f3320ee55c0f9c63af7cd6f4e9d4a95d569ab59149372e6667fc21d0b58d4be2369573610ccb1595c096e67da42c683ef293eac32b8ebcd75bfb495d5b49e28d1ed63da6e61b4669483d159fe507fef963f8d6eeadfb49d90b261a3e8570d764615aedd4221f5c2925be991f5af05d6758bed7f57b9d53529da7bbb97df239fd001d8018007602bffd9, '1');
INSERT INTO `product` VALUES ('1023222444', 'ทิวหลิป', 'จากอังกฤษ', '07', '001', 200, 300, 7, 0x89504e470d0a1a0a0000000d49484452000001000000010008060000005c72a866000038ab4944415478daed9d07581459dab667f7dfdd09bbb34cdc34012728264450312198230a98338a3962ce8a598c98132a08282a28e63c62fa3eb398b3828039b461d47166e77bfff714e73445dbdd74d3d5ddd5ddefb9aefb42aba0e93e759ebb4ea82ade7b8f8a5397a0f225dc91002482115cbe440c921a5ca1446a4885925a1a332a4aa420114d72096852a96440d34a25dda836a950517969e85bc2ab916f89082415010c7d1e8205154a00065f4b6346c55c9ac8a954129ae692daac52c9a866953c439b55f6f4a21aa742c5dea12f57c20b89c1f06b106824a371652f685fd70f7a34ab077d5a3584c161cd6174cff630ba1723f41d86e0fef0d68d247a35af071deb5581f6b52bc80500cd243c010500cd2b7b6a9014241c71a7a341858a8d4a60b9e2a1481a861f247c73e8d8a02a0cead81c260eec063346f5538c49f87a23bab5867e6d1a4158832ad032c09b09200f2d2a7ba6b5f0f30c47480654a858a334c8097e3a020c16fe96d5cb4ba18f1cda4b6f78c78677825178e61fdeb535f4c59e40dfd68c465ac4595fde1b30f45a72c6e1eb0e0a6d0c9d50085c0080e19768e9e7998204d011a3424589e0972d1e80a435e0c167b4ad5d590a769eb0f7ed04fdda854097e09ad0ba46798be7005a572f0b61f5ab406f1c120cedd45c0abd3e1930610cc3fd1dea56140210a4b7ace2194a47900a9582873f0a01090c3e3be3cb83cf42dfbd693d68e65f26cf1c80152601b573006c18d01f8703fa8430695037e8d5b436b4a9ea9d23812a9ed0aa4aa974847a0454a8985aea972dee559f9df579f8832a9682f0b621daa00dead84c92817c0ec0560268261bfbb70af0869e4d6ac3181c3ae4e9150ceb0503da36924480e117a4b6ae528ae608a850c927fc4188a63e0f7f8b6ae561029fd863c16f5ac5473b07606f01c82601a15dcd72d01f43cfc29f5704415a09b4ce21828e32152a7a4abd32c54359f0059d826a4a411a89ddfe1678c60f94cd03a84d00b249406918c08603f2a141d7407f210068ed5f2a0da1de00152ab2f08723daf00fc4b3fd94a1bda05b93bada39004711404b9908e43d82211d9a40bb6a3e4c000c4d1bff524174e4a950f8cb148f62e1170260e18fe81b2675ffe593808e26003609d8b6aa8f340c90f7063ad5ab2449a04d0ee1d402a8b874b75f849fc1c23fb44b6b6854a1546ef81d580062fc1f56b7128cef97bb72d0a7596d2100460cb5042a2e57ea96299627fc033a349304208601ce240031093850d61b18deb98556026d034802545c2bfc5e88264ff83be486df5905c0e8dad05f3b37202480022009507191f0fb147343d2510052f87bb6682809403e09e8cc0260e3ff0eb57cb5438251dddb08019004a8b884005210600268572f401b7e571200a37d351fad04467469a195403b920015672d757c8a854be14782fd7cf284dfd504d0c68004dae540f7115071baf0bb231a210016fe86e54bb9b40084042670090cedd8440800f1a2878f50712a01a4d6e1e1efd2b82e34abea9b27fcae2a004668f55c09f46d565b0840d3aeaa173d968c8a53843f88859fd134c057128098042401e48cfd8504a60eeb055dea5762020014402ab51e2a8e1e7e37245d08a0678b40109380248052f2654029f84c0093077583d01a659800a07d552fba5a908a430b2042849f9df9037d3d49000604c0e8d5b8ba7652900b4083d0cd43541cafd4c6b33fa261e10faaec0d1d1bd60031094802d02f0036fe1fd42ee78ac15e8d6b300130682840c50105e05d2ca6363ffb77c0f08b49401280710130c47c40071c0a7009d0dd83541c2afcee0830013409f08596352b9100cc104058edf29200d8d22017407a7b5a15a0e2400288120210677f4714c0aa31ad605e7810b4abee635301b0558041ed7386025d1b541612a0270a517188f0bb211a260076e667e37f471440bb6ade7077eb68899bc9c360d9d066d01e45602b01b04940361418db27540840134abd002a0e208008e9ecef9df7ecef680298d6adbe560072112c4711d84a003d8202a45e00fbca248002a07b05a8a85e00e92cfc2d74cefe8e2680fd0bbabf2300c185848130a25535ab0b80859e2d09b26b03b80020b41a2d0b525169a9e55d2c489cfd7b340f84dab2f03b9200bad6f335187e39ab235a43680d1fab0aa0539df2522f20bc791d2100ea055051ad005258f81b55f2967a008e2a8065439b9a2400c689e57da17f633fab098031b87d50ce15823902d0203417404575e177afc5cffe9d43ea8258057044015c481860b200c4dcc0848eb5ad2600763d005b16ecd3a4061300835604a8a84e00e14c00f5cb79429bba010e2b80b11d6a99157e39337a34b08a00442f80ad08700168a8c551519b00d2990058f899041c5500db67762ab000c4bc803504d0117b016c2ea05b606549021daa79d18343a8a826fc5e2cfcb5e4dd7f07144097babe16855f9032255471013046766921c10590462d8f8a5a0410c5c2df38c057baf4d751059030a6952202602ce81facb8003ad7cd591108ab59860980414f0ea2a29eee7f68c31ab9e1773001b4adea0d3792872a2600c6cc1e0d1415005b0560f300035b371002a025412a760e7fe9dceebf76f2cf0105103da4a9a2e1170c6ce2a7a800d84a005b12e402a0c9402a761740b8e8feb3f57f471580d2677ff91261584d1fc504c0c6ff4c00dd032b0b09d0adc254ec576a962e9626baffb5e4e17720014cd573ddbf921c58d8435101b025413619c8059042ad908abdc2ef8668bbff8e2a80f3665ef8531016f60f564c005deae63c2f800b003a56a72b03a9d84700a14c00acfbcf704401445af9ec2fa75760054504c018d727549a0fe002a06b02a8d84500314c006ced5f4c043a9200dab099fff5c3e1eeb6089b7060514fc504d0af451ded30000540c3002af61040d174260031fe773401440f6d0ef7b68fb529b37a35544400ec5a00310c4001d030808acdc3ef8e40c38adedaf1bf2309809dfd6f6e1885a11c67532e260e854eb5ca582c0016fc313dda405f1c067001d030808a4d0510ca04d009bbfff5ca793a9c00d64786c1bd1d13ec42ec88968a08401a06746d210440170551b1a90062840044f86d25800eb57c6154fb3a0516c09096d5e1dece8976e3d6c6086d2fc01201b06100bb26800b802e0aa262ebf17fd13c1380b61240eae2705832b465810570327630dcdf35c9aec48e6c65b100c430a04760652e81d201d432a9d822fc6e2cfc21febed0bc46259b0a6060f3ea18a029288056051240f4b056d2cfdb9b4beb46292200765fc0c0360d8400a2a87552b18500829800ba370f847a653d6d2a80d425fde1feee485832cc7c01f40eae22fdac5a88ea1d6cb100d8454113fa771202a05b84a9d84400114c00bd5b0783b812d0160298dcad21dcdf335562fb9cde6609a075556fb8b86e8cf6e7d5c0a165032c1600830980cd29a00018b41c48c5ea0248153d005b0ae06252043cd83b5d62ffd281660960c3b46eda9f55137d1a55b45800c3c39a40dfa63584006839908ad505a009f12f07a181356c2680a87ecde0c14f33b4ec8f1e64b200e60ec8fbb36a62f19016160ba05770008cecda5208809603a95835fcee39cb7f75a449405b08a05995d290be6d0a0666a6969309234d1240648fe03c3fa7364eaf1e69b100d8f87ff2a0ee4200e9d44aa9587d02b07f6833605f0b2280ae0dfd6056bfe6903cad079ec98768891bd70926750f86a67ea5f30860c9f0b6f0605fd43be4270036e9a7efe7d4469f46952c16005b0eec5aaf822481b0eaa5e9af0751b1ee04a0b90208a9e405b3c29bc3a5f513e061eaec7c593fad27b4afed0ba148c6f6697abfc79800223ad637f8736a832d695a2a00b614d8bf455d21009a07a0629d52a374d1d4ba654bf21500d30430a15b30a4ef980e0ff7cf319b93abc618dc674800913d430af4bbecc5de45032c1600bb1848cc0384d13c00152b0a209d5dfcc3e600f21340309ef553970fc3463ecf2a74a853218f005a0678c3ce0503acf6fbacc5ed9d332c16006342ffce4200340f40c56a029096ff9804f213c0f0f6f5e1d181f9566350cb5adaf047f66c8c419a69d5df674d86b4a866b100c6f4680bddea556002a079002a56097f0013c0e0cead800d03f213c0a211a1f0e8e002ab3167602b5835a91bdcde1565d5df630b66f76b6ab10006b60994e601c2681e808a9504102a049013fefc04d0011e1d5a449840d2d41e160ba047a01f0c0f6b2a0440f300541417400413c0881eedcd10c062c2048ec48db658006cfc3fae4f072100ba2f808af22b00ec0ac0dc1500e302583cb2233c3ebc9430816b5b66282d00a0164b45f11580d675fc652b00f909200c1e1f89264c4409010c090d86dec155732450839e0f4045e115806e795600f211c02814c0d165848974a953d66201b0f00f6a132804104ead968a52e1f7121380ec41a0a609a0133c3eb6823091b11deb5b2c80ceb5cae64e04d6a089402aca09405a021c9e6702303f01748627c76208135142008c515d5b0a01a452cba5a28c00bc725600260ce866ba0046a3008ec71226a29400d805415c00341148453101c4d4295b526709303f0174812727e2081319dbb1812202181a1a0c9d6b979504d0a9063d21888a3202486d56a392ce12a071012c19d3159e9c8c274c442901b0ab017b87541502a095002a8a0840d33eb0067f0c98e902787a32813011a504c05602fab7ac2b0440970453514400d21220bb0ec074017483a7a756132632362c50110184f16100174004b55e2a96863f80098075ff9be5b906201f01447487a7a7130913515200c33b351502a0a5402a160b208809802d01e6de0598bf00fa6137f469da1ac244acd403a0a5402a0a2c017201d4c813fefc04500f3469eb0813e95aa79c620290ae06cc1100dd1444c5f225402680f103ba9927805628803349848928712f809e1e005d0b40c5f225c002f5009800ce2613264202a0a2ca521dc3cf2e0262f701982780faf0ecdc06c2044e24cd525400e14d6b6a0540170351b124fc5e4c00cdaa57929601cd114048656f78763e85308113c9518a0a805d0bd0b3a19f10005d0c44a5c002081502080ba9639600d863c19f9ddf4898c08ea5118a0ba04f48551200158b05102504c0ae01305b0017361326b02ab29fa202604f07260150514200e94c00dd9a054260456fb30570635f1c3cbfb885c887a97d5a282a000609808a22dd7f2100167e73057024690e3cbfb495c887b19d83ac2900ba1f808ad9e17713677f310428900092e76203df4ee483127f194857006c25a013dd0f40c592b1bf805d07501001444fe807cf2fef208c907e70b55504c0ae0520015031bb549375fd2d16c0c47ef0e2ca4ec208a7362e2401505149f84b15f542344a09a07f9b86f0e2ea6ec208aba70fa221001555843f1401865202e81a52131bf91ec208d3fab6b68a006417029100a8182e554b157543a244f89514401de4c5b5bd8411fa360eb08a006497029300a8180abf4710863fbdaa2cfc4a0be0fcae3878797d1fa1878c23c952f84900546c5a023c3d42ab7a7aa4a2008085df9a02d8b36a36bcbc914ae861574c2409808acd42ef854421e9085465d840007346f6c2c6be9fd0c3bce15d6c2100ba10c8154b95921eeefe253d4291187f0c3d0201326c2580fe6d83e0e79b07093d74a95bde1602a04b819db1542e51c40d09f0cb21c8af844704863e0649453408f80b3c73b08700183fdf3a44e870795fa236fc24002af9964ac58b8423c0a8cc2891839f160f60a197a31601ec4d9c0f3fa71f26642c9f104e02a062b604dc91184713c094019de1e78ca3848cbe8dab9100a814b8fbef8ec4388a001afbf9c0ab8c6304e750f22268e35fca5602a04782396bc1e0bb211148ba9a05c0f869ed427875fb04814cebd7de6602a094b88c0c3c82f82460ba1a0530a05d08bcca3ce9f2649eda2e859f0440c59a4b805e48b8b40458d223550d02a88b1cdf1607afb24eb934f347f6b0a500e82f0351c95b30fc0148040a20cdd602e8d8b01a686e1e83d759692e4966da2e6df8490054941e02b0b3be1bbb00080960e0d93f0889c0b33fbb1828cdde3d0046eccc31f03afb8c4b327f644f5b0b208a92e13a024855f324a0104060794f38ba2d015edf39eb52a4ed4a84d6b2f0db4800741f800b0920c5110450b74c3168e25f166ea7ed85d777cfbb0c43da05da430041940cd7114084a308a05e99e2d0a3693d787cfd18bcb97bc1e9593e79b0147e3b08802e02722101043892001883429bc29b7b179d9ac31b63a0759552761100a5c2f596ff348e2400c6d4213de0cdfdcb4ec9d5a3dba0539d0af612403a25c2f50410e56802604c1bda13de3cb8e2543cb9752a37fcf611400a25c2f504e0ee8802a85fb6382c9c380c7e7970d529789a7e1a86b46d08ad44f8ed23005a0170f55e80230980113d7534fcf2f0ba43f3e6de2588ecd35a0abf9d05402b002e2a0037713f80a3094048e079f645f8e5d10d87e3f59df3f0f8580cc48e09558300e82e40179600bb2a50e3880268804c19dc035edcb90cbf3cbee930bcca3e030f0f2e8287fbe7a2003ad85b0034014812909e07e89002608ce8de16b22f1f87b78f6fa99e97370fc0a3434be0d181f912476247d85b003194002aef61f8bdfc594fc00105c09835b413bcb8b21bde3ec9502dcf2f6d83470717e4e1ccdaf1f616003d09980a9780a7871bbf19c8e104307f687b3cb32e82a7696ba5a5b5b74f6fab0669a9ef6482f4fef4616701b853cba792a7f0db80631c49004b4775c4302d96787c7499f4a7b47ed564da1dd6e567ef47bc377df46a58d95e02a0f13f15a3227043c251002928008dda05f0f8f0923c3c3911073f671cc32066db9c37f72f81e64cd23bef491fa3dbd7b59700e816602aa6170cbf3b1280c10f42221818fa7455086074183c3e12ad17d6fdfef9f671f8f5d91dabc396f89e5fda6ef0bde863f1b076f61200adff532978c1c0bbaba60730ba93d4d536c69353aba43fb3c596e27e7d7e5751d86b3ebfbc23dff7a08f95e3bad843001a6ac1542c2ad80348559700969bcc53ec9eb367eefff2f01afcf6e27e81f8559305af324f81e67c8a59bf5b97bdd123ec21005afea352e0e0bbb1f0ab690e60d594def0e4584cc138110fcfce6fcaf9535c19c78cdeb5f72aebb4f4e7ba3567920bfefb74389a30de1e02a0fbffa9983d0710804461f0356a9b043c143f1e9e1c8f75586c2c009afda792ef0a005b064c655465a87c19f050c2043c93af7458c26a95b3a500e8ee3f2af90a20c891ae03604b7e8ecce80e0d6c2900baf8878ac9bd00d50ba0477055787a32c1a1993da0b5ad0440937f54cc9380da05306748283c3db5caa1899bd8c35602a0b33f153327ffd85f07529100c635690bcd2a9595c23fba5308641d8c81a7a7131d9a137133e1e4a8a530be69336b0a80cefe540aba02e0c15600d2ed2580a615cbc2a20efde0fecc1d004b4fc3d9092be1daaec5189e354ec16ff147a4cfc5d8d67f3274ae51de1a02a0b33f158b9601ddf832a0cd04101ae00ff15d47c2cb7907b40111bcdebe1334696b1d9e375b76bff3d91eceda09139a3553520074f6a7a24ca996733f40ba3505d0c6a702acf11e0cbf4e3efc4e38e4bc38bc113467d6392c2f0f6c31faf9d6d518049dab94b354001a841efb454571118463e8354a0aa0b53706bff460b8533a5ee27e9535f0fbbc130603f27bec3178766abd74e79da3c1def7ff2d37fcd95e0dd82bd5c105eff930ba72034b04104ead958a550a86de0d89102228a800b4c1f78ad772b7ec2a78586f23bce8b3cfe859f2d77507417376bdc3f15ba2e1decd6f338fc3c3ba1bf2d447a26f78410440cffca7621311b03b0363cc15402b0c7e62e94190ed15a7e56ec54478d060233c6eb543cbab61fb8d4ae0d59e5df0ecdc0687e1f5ce3d463f8fa6cb1ee9733f6cb419eea00845dd1cf7990183fd6a982a8074eafa53b1694101b863f863108d3101b42a8dc1f7c2e0978ad3c282ffb0d1a63cc167ff67dbd9feb7930c9f31ff6ff9497871742b3c3b9fa27ad8fb341afe765be16ee535f0a8f936a90ed857f67f514fd7bd96c2a2f21df3138006f1a21649c52e0543ef8644d4d48a2027f88d4a9786e55e7df204ff4e99847782cf7a00772b24e6f9be7b95138dce07fc37e1283c3bb31943b651bde0fbfb3df6b8c1cff07ad8bedccf8ce37f794f88fd9b6d13fb779619035dfc7d0d0980eef6a3a21a1184067979a7cff3ea02573d974096e74a896c0cfefdba29f0a8e50e2df771dc9b5d265efb3dba3c0ada60f4ecf936e5203cbbb059b5fc9a74c8f0b87fc651c82efbee67bf5b652d3cc45e00ab9f874db6c29d0aabb5fbae975a0a632a37900b408302a027fd50514fc1861a8aa46b1b358e65efd7d99027f80f1a6e826c1fc3c197f3a2e72ea312f879fb2e787e718bea78b3dbf864e6fd6a6b0d7e665637ac8e447dddab9e9c677f8c6f7716fe74c465bafdf3aeff3b80431738a934f801489a3cf8ace13e6cb62d4ff0ef945f6d52f0e5bc9d74c8f87cc0e91d18baadaae1e5f19dd2fb3238ee6fbbc5a4cfcdea4f5e77ac4e65fb531137270fbd1b1283800ee908f57cd450324bc6ba23290808eef8ad8187215be0518bed12f703713cebbb0ae4df630e772baeca673ee098f4873854c1b9edd2fb31f45edf8c3960d667cf2e9b000f785d3e6cba55b71e3548809386df0bd1e809bf1cbae2d18ec17743227823cc69acd8381f34daa40d3e6bb84c06050dbe9c478dd61bed52ffb2e5203cbfbcddeebcdd68b8b7c22496e51367fee72fb512eed74bd1d6ebdd6a49badf13eecce15f78e37b5899e92fb13ca32c49c0eee12f111384a423c0c82a8dddfddaeba5252c069bbcba5b751d88fd4af1a2c74ee3d7071cdc8721dc6937d8ef37f6fe1ed4b6ac4eeef8afd5d6f1fd061b21138702b2fd29889b33857fe9ad12b05b3306d2deaecfc391574b21f97e2b9280adcbed1231ee480a020216f4874db64833d78cbb35f0ece4190bf2ef5192fce6035e9ed9032faeecb239ecf71a1bf73f0bdba6c8e7cf2a130f0f8237e7d437d63bfbbf6c7f1ae2e50ce16767fa136fe2b5a1dff73c5282855f6cdbf164b05c02f4e833ab86bf784c38a2418091552e01ee37dca80dfebd062990e9130f62bfb5c8ae9060743ee0b7b5c7e0c5d5dd36e7bfab8e1b19f7ef57b61e50b0f7ea6ed0d67d769535f2fdec18053960f84375c3cfd8f8b09334049077fbd95080c9408f04e88f9f2a1ffc155e481a021225f1ac5f2b59dbf8eee3d928abfc2ad0eeb7010f1b261b9f0fd8790843b9c766bcdd7ad8e8b83fd37ba555ea81055fdbf3c263c28e8d6c7f8483855f1b6e117e3de3fd3cb0f09304ac19fe622b221010b0a03f68bc455ada63dcadbe2ea7d1c9bec7563cefbec3f87cc0f1fdd21f0db536ecf7187b1f0f0393ad5a0f5965e3b5c784f5c832bd62e5fb5310374709ff9abbc152a04d093f49c08a25a3d80a2f240d018634d6afb31e1e602363dc0bc486e61d0762bfbd783bd1d87cc0297879791fbcbcfe93f5c0d767bfc7d07b6092b2453db0e3c38e093b36f751063ac7861d47555e3c3317838ac05c3de117db4d412e01d976924081c25f74790402824c5f1ceb37de0c0f9a6e95be66f925827cbf3dc9f28d87dfe71ab93e60ed71e92ffb580bf6fa062f534639d9ba3eeed44c928e1323abe22af93e0da2aac9c1b9d730fcd730a8d772c37fe0e51c5872ab0488ede6b09d4b80bd966c3b49c08ce0bb23a9da4683e3c8bbb593b50dea6ebd0d70db334635e1173c6890647c3e60df617879235571deee3e6278dc8f52caf28db38f142bacd21eb33b55d7eaee0f555df8efe4867fc1f5ef0b147e81981864af491230a3a463c34034083032d90c7f083febe3d7acca8920f6a9917ce703ce1c94fe52b052bc3e79c8f87a3f4ac99ef59159264e7bfc98c499cc65fb23ec1bfeff44e90fff0f16859fc15e83bdd6bb12f80f49406ff03d96b921310848145b0ed955d760c3d92271b7ee7ac828b902b4fb558cb1f980dfe34ec2cf575002372d87bd0e7b3d83e3fe6e3b54511f195eb170afc106e938b2afecd8caf6c7d829fc31080b2424dd6bad13feff28425e0984c8f7910474c2ef85a4e96b30f743364156a5d50e117c4156b938a3f301bf6d3891f317812d84bd8eb171ffed5231eaa9170c3d93b838a6ec18cbf6b3636fb3158239187e041862bc2ec22fb62b85ae0464fb480252f88b2c0b4534083032cb63973f78133c689273b6c828150b629f23f1a07e3ef301a9c72c0a3ffb7963e3fe3b7eab54592f77aaaf938e2d3bc6b7bd57caf7a5216ef60aff7c2b845f305f2681c4bc1270ed2727dd2a121d838044d165908d8de33e6b1cecb2d28035a0dde7a03cebb6ddf0d2e08a53f0fadc51f839fd88d9b09f33bade1fb25ed5f592597195f638dff64d90efd320560bc59cab18feab18bcabb9e1675fa5f0f3edd6e21d09e46cd720ae27815b85a3dd90340418e92556c0ddfa1ba475e37b417866281307629fa3f3cbc483869706579f849faf330998017e3ffb39837fafa0ef2e87a897dbd292ee16094902b9fb348897adc26fede0eb9300bbbe60f1cd927209b8bb50f8977a217890970223a374ac147ab6aecf96f7d28b2f07b1cf19c82c130bff9d6b788dfeb72d27e155c6319361df6f705881b2c928e938f597ee19a33df6d9d5d6caf7b1f6a18804665ffd8f1b928ac06c9df08b6db6444840e7f7bbc61d84370b2f0d454070bb4202dcc383cfc8c20620dfe74cdcabb7d6f87cc09113f0eaf6f17c61df67b0378192c9aa14ef707573cb137b7f411b0db58150cbc2ff150b7f1a0bd93c0c5e6ef887d825fc82e8745fa91720dba671fef0ffb83402014156d5b5daf067948b07f93e67e459d77ce603ae30091886ed67df67e8351eb54871d8bab9556c39dca9b73e4702d82e74f6174802b3af60f8af7c9586c0bc6b3f6ac7dfdb1f63f8719bbdd17d1f4e1efe25310848148986ecda4978b03749e6bf55720568f73939bf4c303c1ff07be229789579d2206cbfc187910edeebf8f583ed2247029b50026b74f7875a14fe17ea0a3f232623c0f90570e387256e480a02124596c29dbac9702f641364e3d79bc59681769f0b90e11363743ee0d79d4c02efc2b61bfc99e947e0567127a9476c1fd9bc7d3009e8ec37490251187e242d4a27fcabb343806d53291a670d7f9a3880b74a6037afc1869c835b7d2ddcc0319e2b855f70b7ee1ae3f301274fc3abac5cd8ff8d7d7f66c538e7aaa3c2b912c80c304f02f2f0cf759cf0339c6b12f0c6f78bdd90340418b74a2c83bb0d31fcc11bf1a02682d8eeaa68ba6c33321f701ade5c3b0dafb3d2a4afecff06c7fdcd3738671d155e82124832d45ef44a20eaf2575e483a0273afcac29f85e1c76d2a46c3c4e534e1bf8ee147d21060dcc4eee91d0cff5d3c98b72b2680d8eeea189f0f4001649f81ff261b0effcb417b9cba7e6ee0d83fbb4e92d46e32fd1375f7e791c0accb5f7bcdc22021b0f0baa736fcabb21a03dba662d87bf67289f0a7975949c19791eebdc2e87cc0eff1a78d2ef9dd2c16edfcf58412c8e212b8fdae048272c3ff3506e96b5872b33c9c781d2f0bffd76a86bd67270aff778bdc903404186c824f1b7e9f5810db895ceed64e343abe3744764082ebd4d30f7209ac96efd36c19d12a74d6250cd2253de1c76d2ac6b9c27f0dc38fa421c0b881672716fe3b78d06e61f8c576e25d345db69a15fec7ed36b95c1d5dff61b124813b5c026cdbc9ea1130e7f80f309385ff464ef819ecdf6c9b8a49479cebfaff6b8530fc85f06021d7d9524e20869fadf17bc782d84e18c6d87c409e87898cdce7baf58412c8ac9d24b5abb4e0298e1afe34c4cdc9c2bf30060189ef17e1415a87072905c31f03daed84516e792d333a1f20c6fd373c96b8765d61fb3a307230ccc0303116f3f01f7f9d20fd5b6c57294e187ef785510808326b61f81b61f84bc7807c3b913f776aad362a80ac2af12e5f477bc2bac38c8bdf482cbb554d0abe14feeb15b4db554a1ae25ce1bfeabe30140141badf2ac8c6f0b3aff2ed84e93ced9c331ff020210932d7c44abc597e40daeeea75b35b16fe84cc26d2641f85df5ee1ff76811702829b656220bbe10648af9c00f2ed84796c1ad60ae69ef580e9d870e4c42dad0e69e526bb6cbdb0f08bba90877f11865fb7ae54865386df0d491707e77ab16829fcb76bae85ab384ea3209bcf85623361c9c63230fdc23706893afa23a4360f77bdf077ecaead83f8db39e1dfff622e445d2a62b4be54401ae25ce167e5ca37f3531060b0c067d54f96b882ff16db09f358bcb12c4cbbf0ad96e89bd5b4ccbde29567df46ec25b84abdecc2f08bcf2d0fff2c0cbfbc4e5488733ee0030f4ab8fc00ddae96289dfdaf15594c412e20ab67d68769e7bf8559178b40cafdbe52d756f76fd0efd54c8585d72a48dfc758b9b83a9c2f3ac325ea85a10dfff3b9523d89ed2ac569c3ef253f40377d72c6fdec2b05b9e08d7c2a0f3f6bdc22f0ecdf2cf40c2104f69505817d3f63deee9270cc7fb453d70b23e96e176d9dccc47a12db558af33edaebf2d7f3d210605cfd7e2164d64b82f42aab406c23cc636baf0e52a39979d1431bfe2d0f87c29ccba5df695871187c2102d64b10db671e290c3b43bb3955bdac92859fd5476ef83d28fc760c7f84fc2065545d2d09e0b2fb7c0a730160a19d7ace5d4234f2b88ca6da6dfa606210a2900271c143bb6fddb810e708ff8cfaefd48bee6755294e1cfeafe6b9231a0418d78a47435683f5d257b18d301d16fe486c3491b246be12c32fb61963060641fc0ceb11ccbf5a51bb2f3ace0fce1599eeb0f59280e1d7ad17f6d5947ab133cefd44df4b5fcd4d418071f9db7970bbd65a48f74b00b18d309da37ea360c6e1221079d61d5667b5cb6de4f87f73589dd94e3b5f20c9836f9fb3cb53fa1d8e562f09d3eb6b3f439ef09b592f36e79c7bb87387ff3f73031010dcf08981db75d6c1e5420b40be9dc89f232cfc878ac0146c382cb4ac916fc646cefe5f10165fafae9d1790bf0efb1d3bda7773883a395b641a2c585f56fbde37f3f05b522f36c4f9ffb61f1ea454ed01fb669e147e26010ab4990dbdf034987ec8031b4d210c6e0da991a7e2d896fddf12a22e794baf235e6ffaf9a2da7d6b2242545f270bd69793de2b7bdf3b1e8fe5e11f6671bdd8005708ff1c3cfbcf01c10d9f159051730dc8b711f973b6f054989f5c0e269f2904f32e5792ceda2cacd3ce1595b629c1e607c3b4f302ec7788ed4b56fa49bf5fcd75c2ea41488c7d0ea5eac48ab8c65ff5bdf8ef39a908487c3d176ed75e07574b4483761b912f677ecc6de8b32e7a6bef5e5332fc82d8f4a6da7901f66fb13d6a4729385c69a42aeb84c2afdaf0cff6424070b5c452c8a8b106e4db88fc899b5a1f26a51582a9e78a490d9d857feee5cad2366bc05e5b3b2f808112dba71df4806d6dbbdabd3e58f8e72595cb532792b06e35b35a9d28886b845f12c0bf66c72020c8a89108578b2f05f936c23839e1ff0ea69ecd6de88baed694b65913f9ef635f675df0d1ee63efc95ef571e60711febcef3127fcdfa9190de23ae1bff0afd96e880601c6a5ef164046adb520fe4fe44fd2809630f1f477129bf8f83c061bbad8660b36c9e60516a278c4f6b9ebca411a86d196f571a8e248883ce021fdfe4859f86d5d2705403331ed3baff75ca95cf86754280282eb6556c0b5d2cb41be8d30ccd6365d7343783f2784f119ededd28059c0c4bc80fc3d44eef7c0508eb0497db0dfc37e1ffbbd732e5586d4670e14fed32e167e2e8014f9014cafbe1a2e7e3397c26d02bb827ac384d3df4bacb8d55c6ae84c02629b3d987dc94f3b2fc0decb9433c5b5fbb6b6ee6addf057180153f6177de77db0bab1679d98800671bdf09fff47941b02828beef3e1564002c8b7118699b1d50bc69ffa5e8235761638f17f7b3225adb8f6cccbbece385746bb2f764a7dabd4c54116fed4a2d2ef987dd14fbb02b2e2667355d4891134134eb960f87304302b0801c195124b25e4db08fdfc5463a0b611cdbf5213f661d02663f0d4d4b893eff4cbbd8f00dfa3d83e7bad2f9cfe6e8a627571b0fc0898ac27fcecdf6a0fff78570dbf24802f67452120b85e21162e7c3d07e4db08fdacedd712c69dfc5e2231b31b2cb9d648fb7f35b1fc46736d573c2e3d54bb7df2be6218dce116d7037b0df65aec35a32ee4869ffd5b8df5214333fea40b879f0b204d7e306f5689a7709bc886ce2c4c3f482c96c2ff836a61613cf4325a92c0c6fbc361d2e912da7d5b5a7629701db09f95ff8ebce1ff41cda4216eefb97a39f7e54c109cff57145c2bbb02e4db08c31cf01d0e634ffce030b0d0ef7a324d92c0be67f360dad9b2da7d2b26d5875385269bf5f93763f8c5cf2fbeda481bfe59e7fd545d0f5189be70dc637c0c85ff8b990108082e169a0f978b2c02f936c238f3a3fd1d4a028ca4ecfeb9cfd8c7e0e606a33c1c2d1e61d2e7dedc2237fccb6eb4d0bedeacf355541efef270ca7d32fb0c1a12c0173383e407f5d20f0b240950b04d677fb9e130f1a7e21071fc478762d9f516da7981d5b7bb6bb74fdc5b1cf6541b60f433278785e6791df61a6c7831f35c15557fe659abcbc3c99cf00b825c5a00673f9f118180e04ac9a520ff3f611afbcb0d8399d8b8c6602373245860c5bcc0d687e361c2c992da7dcb273680ed81bdb49ff108f60c36e1597f1ef678c4f788f0b3e184fc6755f959f1f85cf45fa47beca2480024004538f1ed2458145513c61cfbd1a1187fd213763d99ae0df28c73fe26fd5cb42cfcec35d4fc1967ae2a2f1d9f1b7e71bac72dcdc505303d0a01c105f7b920ff3f613e491ddbc3e863851d8e75b279818557828c7eefaadb3df2845fcd9f6bd9840652f8d9b1b9e2150de7fe1d95e778b9b400ce7c3e3d1501c1856fe782fcff44c1482d3314a6a478c3e8a3851d8a859783e0f8ab9c79815d8fa74bff9f72da57da37e3ac3fc4deec8043866539e1d760f84f78aafaf3448f6f90e7b85c2cbc405f1b0f200108be9c41015688e3df4c8405336bc1286c888ec4f4b301f013865bf72f15c9d9f2603c8c3b514ad59f63a94ef819e7be9a0d978a2ed2dd1eeac202988602980684f548e8d512461e29e2702cb9da12763e9eae0dfdc117cba4e0479dafa3faf7be745c0383c7e372f1c5badb225c560069f8e11120accb2efffe30765749871481c3890bc36fec585cfc71beee361716c0672880cfb01208ab73ecab0910b52800461c2e42588925631be47b1cce7d3347775baa0b0b602a0a602a10b623be674b187ed88350981583434caaffb3ff9ea5bbcd8505f0e9d4000408dbb2b94e4f18b3d313861ff22014607d93ce961c0fd715c0e94fa7ba2340d89e03854741e4ca4a30ec5051c202921b77b6f458a4b8f4b500a73f8dd42040d88765031bc3d08345890290137e8b8f41846b0be093c8540408fb911cd219466d2f05430f14254c84d59942f5efda0238e536251c01c2beecf11a0c93632ac19003c5887c480aeeac64dd07b8ba00dc2980eae0c8bfc6c182d18130787f31c20049c19d94ae7777977f2e0056420a05503dacc3463e62ab17055e06ab8fdda5062b5dd7e9ef5179efbd937f9f1c8000a11e767b0e868835e560506a719767380b3fd68715ea991e0b2693402a054f5d1cfee7589835a5360cc410b82ac3b778c12ecf41d6aae3004a7eae00bc4e7e8c9542a88ef856ed61e0be122ec7b0cda56157c941d6aa57eafeeb96131f4f8a4280501f2c08a3137d61c04f255c82a13cfc56acd3504afcbb02703bf1b749e90810eae3d0971130657635e88f017166866e2a0d3b59f8ad579774f6372881bf4d0aa0b0a99be59d5a42ffbd259d9271d17eb0afd0706bd7219dfd8d4b60623802847ad9ecdb17066ff4867e181a6761ec523fece58cb176dda552c24d28c7ff3a31060142bd1cfc620c442ca902e17b4a3a3cec73b0cf63e53ad320f4e7c04c97c00494c00420d4cd823e8da1ef6e4f872537fc56ad27167e2f4ab5b912f80825f0115620a16a9202bac3c00d3e0e17fe318b31fc9f8fb6451dd1b8bfa0e5184a000142ddecfd769814a83ebb4a3904ecbd1ec0f0dba06e28fc0a4820fcd887e381503fb3863484de3b4ba99ac8717573c26fddbad060bba56ebf6212f8707c00924e21533f09f5c2a07f7259e8b5d34b75cc1adcc816759086d09d7e569080dbd10fc6472140a89b6d1e0360d4427fe8b5c34b35ccc4f0dbe0b3475052ad5cb092038e7e302e0d0142bdecff7c14cc18d4107a62f8ec0d7b1f56febca9d82ea9cb6f5b118c0b3dfafeb8740408f5125f270c7a6c2f6d37660c6c64cdcf978eed3088d2684f11bc3f2ef4081e08040875b2b5487f18145309ba6f2b6d53a663f8adf49952b1dd51f0ed5de2e3e3ff2038fcc1b8aa87df1f1b73e4fdb140a88fd4cf46c2a431f53098de36619a147ee5de3fb62d0d7e8dc2f05357dfd6e1d6e18f7af87f82d4af267d76f8c3b11df1806d3cfc173c687fc10348a886e89076d06dabb75559593b4c91f7cada0fb6a3d8c31f8c0dd1d3e6f4b64f4aae650137186ce44fc89f397fe1bcafc3079c0f918f90bfeeffe7c4ba873e1e37190fe2410aa03a585fba37f45ae30b5db7f828ceca5a619605fe83b19b0efd6ddca0035f4c28a7a77d897627dae19f74daa8514950d8f386dcd470e70934f237e463e4ef881be713cea79ccf912f907f20ff42fe837c857cbdabc2b43afbbe9d3860ff17e3671dfcebd8ff3df44144e6e13f4700615bf67d3202464fa9055d30b44a118be137f5f71ffa30e2c2c18fc6fecf81cfc74fdff7cdc4f63bfda67bf37623dad02732443bfb3b6f7b7fe36df123de363f305112ef88c11542ff473d41ff8b89e116a1fecc50a0916f906f1177ce77c8f74861c403298e9444bc1076907d9032ba248d5c1ab023604657c69e129163f77d3b6909b254c27d52f44fdf4d5afed3f793637efa6172ecdec293e3f6169992b0d763caaabd45a7ac96914898c7f098a0cd9d37fb80a5448e6eb99a1fb325fbbe7917716c3786ce6bc0db81176f17c5793b29ccdb0d6b3f85785bfa96f30d6f6b5ff1b6f72fde16bfe06df3539928f449e203991c74c5f047a792814ee8ff240bbb08ba08b95b3ee116c12ec40fcc8ff904ba2cc2ba6dbe4805a432128054476a23f51076f01b228d3841460846d8d8af31d20c6989b4453a209d91ee484fa437d207e9cb0927cc63cada01f3ba6cf27ddd7953192808c3935bcfe5c72ad8c8f114c7bc216f07f578bba8cedb4965de6e7c793b2a2b3b41f81890c68fbc6d169289c290243ee1721062f85026853c3270f4f0cb83ff21ffc06ebc12be9485fc1b6e59dd707bcac25dc68c408bd02a19d87ec8006430321c198d8c432621539119c82c240a994d149c85ab662cef9952f561270cb43944acebb4861fa37e468ea338d67df8f1efc9db4367de3edaf2f6d28cb71fb94c4c95461999243c7524f11d17c457bcfd7fc9f3e0c6f321642044f007470ebf08fec7fc0cff0ffec10bf16e56315e41a5b965cb1b0877203f00ec6034cd27d07dad10d839083bb3cc4716224b9115481cb21a598b24231b9014ce46c2328625b5be11b6b12ce447e7940abfcc481cb9851f9bf9fc58cdc9e79846f1e33f83b78749bc7d8ce6ed65b08e4c84388c49a3296fa341bccdca25e18f54e28260bd88525c0c85b914d8b0e29f5c061ff3dcfc45f4061c35fc1f71b37dc9cff23ff26e53195e1955915a487d6ed726480b3de1eec52bbf3f3f30c34c08b4d281dd84b046b60dd989ec45529183c8ff20479163c871e4848c9344c1999e38e27a97948abf190a7ff70dfe6fe6ad8e3cca8fc9367e8c36e5732cc531dfc0dbc15ade2ee2783b596a4026c6a4318cb7cdfebcadf6d291441ba439170493431da41a3fe195e34228c27bc2ffe427ccbff2de8063f4046463fe3f7383b9f10fc30c5782dbaf1aef4235e5410fe315d5871b7728324a4fb8a3f8c158802c41961b09b4b5027b0a4943ce221790cbc855e406721349e764c8b84d5844c68af8e8db916b063f1a94dce455bff50ddff45b1ff87a5852abe733124765f36370811f93347e8c0c1d3ff9713ece8fff51de1e0ef2f6b1d7884c0c4963396f930b781b8dd291c45864243284f7287a7231b4e35260c38a9a48453e6cf8910f8d3fe312f88b43484076f67f9f7763bee4dd7d4f6ebafabcabd49957c4705e39537885cde1e68d46629104848deb9278c5b383b115d981ecd109f4119d405b23b0994816c21ade5de43ef21079843c469e204f391a425144bd3ee175fd88d7fd7d7e2cb2f9b1c934261319e2d8dfe4ede1aa1199086108691cd191c61ede26b7f236ba81b7d935bc0dc7f25ec5022e072686f15c0a03f809b02def0557e5430426817ff393e8877c4ee08f8e20803ff137fc091fef17e59323f5f987eccd3f7824b7250bfb4a24919b9555e0766437b24fe78c7d9c1f107670ce2117912bc83559a86fc9422d422b0fec0303813535b4cf38cf9197c8cfc82be435e78d0ebf1016a15b9fa29e5ff1ba7fc98f85382ea68a4457260f74649229938690c52d9930aef1b67791b7c534de368febf42af6f1b6bc8df722d671292ce74298ce4f8203786f3898cf8195e2c3812f782fe0cf8e2000d1fdff885f48e1cebb34d5f8ac6a0f1efee9bccbc42a623d37e76e6ed343bc0259659e41ce239778655f979db96feb09b6381b8b808b906b0c84561e5c7de135066b9c6f915f39bfe9f05f425174eb57d4fb5b03a230c46b1d89c845f24226115d41881ec7431d5964f1b6784b470c9778db3dc3dbf2112e849f786f61233fe92de73ddff1bc57cc4e9275f9bc40613e84fed82186013201fc959beb3bbe1cc2c637adf8387f1cffc031bc9bb48577a10e20ffcbbb5b69b2e08bb3bb083dabf03b3add6f7d5d6f11f8177aced4ba67e6b766a01b78dd86fa3b61350c49412e0353d1ed65bcd623037d3d0b79ef41f41ceec97a0d1932195c9589208df70e0ef35ec10e3ea7b00a59cc7bc443782fa0219f0ff0e04b857f7788c9401d017ccec7ffa5f9324873de0318c5c7fbf21ec0362e81fdbcebc4c659a7f9584cdecd1767ff4c33cefe4f7564f0b39e6ebba93d805fe8ccafea5ec02f66f6005e1b09be29bd807bfc6424827f93f75275e7134ef3367d98f77277219bf9702096af364ce4c380503e5c2ecf57051caa07209f03f894af6d16e74b7e817cd6b32f97009b0899c7e700e2f9ac6a0a1f0eece25da503b2f1ff099914c4849eeed8ff96cea45ea6acc770cf82f13f8dfb5d6b2e40043b4b16ee8c7ce60144d04fca260a0ff336fc136fd35bf904e11a3eefb5842f2f4ee467ffae7c75ac3a3f717ec727d2ffc605f0474711c0fbbcdbf20f7e751f9b07a8c297ff5af10fcac63b23f8902092cf8ecee7b3a531b21580642e862dbcdba43b39289ffdb7c60a00cdfc3bff6ac02d23676f7dab01ba2b01fb4c580988e16d7b3ebf9620924ffe0de543e38efc3a985a7cfcefc127d13fe52754879804fc83ce44e0277c0cf33d5f0aacc0ed16c82705dbf125c19e5c0883f924e158d9350033f99c817cfd7fa591f57fa5af01a0b57f955c0f50c0253ca5af07b0f45a80c1b26b013af10b849af0ab06fdf945721efcc2b9cff9d9dfe12e06925f09f809ef097ccb67353df965bf95f9ea401d2e84103e4fd046e72ac0debcc206f1abad46e57305a09297edd2d57feac1d28b7894b82250e9ab016bf375ff4a7cedbf383f59fe8787ff637ef7e09f1ceae620d91d80f27b013ee3131a5fcbee0528ced73b7df8558295b805c57d00f5f98c68b089f70028791f005dffaf4e0a7a19af92f70428793f40317ed18f3b0ffe97fca4292e03feb343de19a87337e0fb46ee06fc8af70ebe337027a00f1f13997317a052b7eed21d80eac4dcd02a7157a02dee08fc3b0ffe07b25b831df7b6e07c9e07201efaf1776e3c7dcf02f8dacce70028f92c007a0680fab0e4565e259f0ba0f433013e92dd06fc6779f09de2e1207a9e08a4fbd82ff14420dda70199fb2420f134a042057d1a904c224a3f548450868284b6ac91636d2cd0f22703b9cb9e0ca4f45381fee4b44f0532f39980fac460eeb3004d7a1ea08e34f4a1844808eb614a68751fe765086381d6f76c407a2ea0959f0a6cc9d380f53e11d80469e843099110d6c1dcd01ac394407f104f4f0656851cf2fd7b00059486354542284f41436b8cfc026d28d8f4b7015426084ba5a1b44808eb616a688d6172a029dcae250d6b8884508602859602fd6ef9ff42ecc2ae6b7b33060000000049454e44ae426082ffd8ffdb004300080606070605080707070909080a0c140d0c0b0b0c1912130f141d1a1f1e1d1a1c1c20242e2720222c231c1c2837292c30313434341f27393d38323c2e333432ffdb0043010909090c0b0c180d0d1832211c213232323232323232323232323232323232323232323232323232323232323232323232323232323232323232323232323232ffc00014080100010004012200021101031101042200ffc4001f0000010501010101010100000000000000000102030405060708090a0bffc400b5100002010303020403050504040000017d01020300041105122131410613516107227114328191a1082342b1c11552d1f02433627282090a161718191a25262728292a3435363738393a434445464748494a535455565758595a636465666768696a737475767778797a838485868788898a92939495969798999aa2a3a4a5a6a7a8a9aab2b3b4b5b6b7b8b9bac2c3c4c5c6c7c8c9cad2d3d4d5d6d7d8d9dae1e2e3e4e5e6e7e8e9eaf1f2f3f4f5f6f7f8f9faffc4001f0100030101010101010101010000000000000102030405060708090a0bffc400b51100020102040403040705040400010277000102031104052131061241510761711322328108144291a1b1c109233352f0156272d10a162434e125f11718191a262728292a35363738393a434445464748494a535455565758595a636465666768696a737475767778797a82838485868788898a92939495969798999aa2a3a4a5a6a7a8a9aab2b3b4b5b6b7b8b9bac2c3c4c5c6c7c8c9cad2d3d4d5d6d7d8d9dae2e3e4e5e6e7e8e9eaf2f3f4f5f6f7f8f9faffda000e040100021103110400003f00f9fe8a28a00f9fe8a28a28a28a0028a28a28a28a0028a28a28a28a0028a28a28a28a0028a28a28a28a0028a28a2b674cf0eddea122828c809fb817e63fe1f5357343d0c961737385dbf37cc3841ea7dfd07f91bef7844460b606284f5c7de7ff0078ff004e959ca7d8d634fab0af4df02fc15d7bc5d1477f7adfd95a5bf2b2ca84c928f544e38f7381e99aeb3e0d7c238af2183c53e23b7df0b61ec6ce41c38ed2383d474c0efd4f18afa1ba0c0a65bf87348b15c5dcb1b3e06510798df99e01abfe6e8e9c0b7b993dd9c0fe5596296b36cd52b1e7fa0fc18f04686884e943509d7acb7ede6eeff807dcff00c76bb1b6d0f49b34096ba5d940a0602c56e8a31f80abf456a09b483d6d275ff75f351c961a0ddb0662eaf8c033441f1f955114a295cab1525d2b4e9942cb616b200720342a7fa5626a1f0efc1ba9a6dbaf0d69873fc515bac4dff7d260feb5d35151dcf822da68cb58c8af807989f27f107fa1ae5750d0ef74f66df19745eaca391f51d4703e9ef5d8a3b2306462ac3a10706b453504b84115fa798bd04abc3aff008d529b444a9a678e6bff00b3b7872f919f45bcbad326fe1473e745f91f9bf1dd5e2be31f861e26f05132ea16827b1cf17b6c4bc5ff0002e32bf881ed9afb369b24692c6d1c88ae8e0ab2b0c820f5045795d15d7788bc2fe528bbb00af191d23180c3d8763edfd7af235b4649984a2e2cf80a8af7cf8adf04d2de19f5ff0009db908b97b9d3a319c0eed10ffd97f2f4af03a28a28a648514514514514005145145145140051451451451400514514514514005145145145140051451451451400514514514514005145145145140051451451451400514514569e8da79bcb90eca1a3438da47de3e95995d969f6e2cf4f45db876183d339effe15327645c15d857a07c22f030f1af8b97ed51eed2ac7135dfa3ff763ff008111cfb035e7f5f637c24f0a8f0a7802ca1923db7b783ed77391c866030a7fdd5c0fae7d6adc8e368890fc8bcffbc7d698290528ac4e83b855544088a155460003000a5a28a70a5a414b48028a28a70a51482bb0f0a784edf5bd32e6e6eda44cb848590e3040e4e3b8e47e46a272515765c536ec828a28ae4853856deb9e14bfd10991879f6b9e2641d3fde1dbf95620a232525740d34f50a28a2adda5d793ba29577dbbfdf4fea3deb98f15e882d64fb640018dbe676078607a363d7b1fff005d6e8ab7085bbb57b39006382d183ce7d57f115519599328a682be68f8e9f0e1344bd3e28d261db6177262ee251c4329fe21e8adfa1fa803e97aa5ac69569ae68f77a5df4624b5ba8cc722fb1ee3dc7507d45797d156b51b36b1be92039da0e509eea7a7f9f5cd55aea4ee72356d0f8368ad6f1368373e18f125fe8b77ccb69294dd8c075eaac3d8820fe359345145140828a28a28a28a0028a28a28a28a0028a28a28a28a0028a28a28a28a0028a28a28a28a0028a28a28a28a0028a28a28a28a0028a28a28a28a0028a28abba54067d462183843bce3dba7eb8aeb643f3ed1d146d1fe7eb9ac5f0d43813dc103e5e01ee08ffeb95ad61594dea6f0564757f0dbc3c3c4ff0010348d3644dd6e66f36707a18d06e607eb8c7e35f6a57ceffb3668c24d475ad6dd7fd54496b137bb1dcdff00a0afe75f4453c528a414a2a0d028a28a70a5a4da428620e0f43eb4b48028a28a96189e79921894b492305551dc9e00af6ed274f4d2f4ab6b24c7ee900623bb7527f3cd703f0ff443757cda9cc9fb9b7388b3d19fff00ac3f522bd3315c5899ddf2a3a6946cae14514535d164464750cac30548c822bccfc5de151a5b1beb243f6363874ebe513fd2bd3b14c9a08ee20786640f1c8a5594f420d634e6e0ee6928a920a28a2bc2453d1991c3a9c329c835a1aee92fa2ead2da364a7de8d8ff00121e9fe1f85670aef4eeae8e6b5828a28ac6f19592b08b50894e180c80320039fcb0d91f8d7235e937102df69135b3638ce0919c03c67f03835e6d5d349dd58e5ab1b3b9f3f7ed1de180a74df13c0982dfe877240ebd5a33ff00a10cff00ba2bc06bedaf881a00f13781357d2c2ee96480bc3c73e627cc9fa803f1af8968a28a2b4320a28a28a28a2800a28a28a28a2800a28a28a28a2800a28a28a28a2800a28a28a28a2800a28a28a28a2800a28a28a28a2800a28a28a28a2800a28a2baed22230e8a84a85691ba8ee3aff00f1356053845f67b0b48339db1e49f539c7feca2bb0f875a3596adabdc35ec2265b78c3a237dd249ea477fa573ce564d9d5157b23eb3f80da58d3be17dace461efae25b86f5ebb07e880fe35e99587e0cd3ff00b2bc13a1d815dad0d8c2ae318f9b60ddfae6b72b97b7b1bbba52d6f6b3cc0778e32dfca9d6f6373737f159244c2e24708a8c30727d6be85489634088a1554602a8c002a37b3824b88ee1e18da68f3b242a372e7ae0d737d61f636f65e614514579578eb498b47b6d1ad61c94485d4b63ef104127f126b9ed1747b9d73524b3b65e4f2ee7a22f726bd63c55e156f12bd88fb4881202fb8eddc486dbd07e15a7a3e8563a1da7d9eca2da0f2eedcb39f52692ab68798dc2f2f20a28a29da7e9d0699610d9db2ed8a25c0f53ea4fb93cd59db536da36d7335735b85145150eda36d4db68db4b94770a28a2b88f885a609f498afd17f796cf863fec371fcf1f99af3415eebabd98bdd1ef2d88c9921651f5c71fad7850aeaa2fddb18cf7b85145153daf33043d24053f3e9fae2b81d6e0fb3eaf70b86019b782ddf3c9c7b6723f0aee5490411d45739e338556fa09d739914f1d80e08ffd0abaa93f78c2b2f76e15f13fc44d17fe11ff00883ade9cabb634b9692218e88ff3a8fc980afb62be67fda3b4816be2ed375555c2df5a98dbdde36e4ffdf2ea3f0ae668a28ae8394f18a28a28a28a2800a28a28a28a2800a28a28a28a2800a28a28a28a2800a28a28a28a2800a28a28a28a2800a28a28a28a2800a28a28a96d9164ba85186559d411ed9a8aaee93199353886cdc064f4ce38e3f5c52635b855dd1ec4ea7add8580eb75731c231fed301fd6a95765f0a2c0ea5f147c3f085dc12e7cf3ede582f9ff00c76bb0bbe2655feec683f1da33fae6bbcf84c33aa6a3ff005c57ff0042ae0af0837d3e3a798c07d335ddfc2463fdbd7d1e7836d9c7d187f8d7355f819d51dcfb34000000600e80514515eb3b68db52eda36d7158dee14514545b68db52eda36d160b851451516da36d4bb68db4582e14514545b68db52eda36d160b851451516daf9e6650b3c8a06006207e75f4536114b37000c935f39bb177673d58935ad256b92d85145140acdf1544d2e8b14808c46c0b67bf257fa8ad215535d8da5f0fcea83241dc7e80a93fa035bc7e2444d5e2c2bc6bf68ed3c4fe0ad36f80cbdb5f043ecae8d9fd556bd96bcefe38da8b8f84dab3632d03c322e07fd35507f426b82a28a2bace23e44a28a28a28a2800a28a28a28a2800a28a28a28a2800a28a28a28a2800a28a28a28a2800a28a28a28a2800a28a28a2acc7a7ddc99db038c7f7be5fe75347a3ddbe77044c7f79bafe59a5743b30a2ba1b6f01f8baf115e0f0c6aec8ea195fec7205607a1048c1ae8b4cf823e3bd49c06d252ce33ff2d2ee74503f004b7e9542b7f41b530b0bb94373c05f55c839a75ae8f0c0dbe43e73760cbc7e55a62a652ec69185b5679e57be7ecf5e0ab85ba9fc5d791b243e5b41640ff1927e77fa0c6d1eb93e95b5e11fd9eb4bd3268eefc4779fda72a9c8b5894a420fb9fbcdfa0f515ecf1451c31245122c71a285444180a070001d8538b1662c7a93935dbfc2a9847e306427fd6db3a0fcd5bff65ae1eba1f03de8b0f19e97333615a6f289ed87057fad6525746a87514515f426da36d4db68db5cdca5dc28a28a876d1b6a6db46da3942e14514543b68db536da36d1ca170a28a2a1db46da9b6d1b68e50b851451591afcff0063f0f6a3719c14b7723ebb4e3f5af9f457b47c4bbe167e146801c3ddcab181df03e627f403f1af17157156430a28a294545a87fc81af39e91371ff00013528a8351ff905ddff00d717ff00d04d52dc1ec15c67c5a884bf0afc40a4e316e1bf2753fd2bb3ae33e2d4a22f857e2062339b70bf9ba8feb5e7d45145761c27c67451451451450014514514514500145145145145001451451451450014514514514500145145145145001451455bb7d4ae6d86d560ebd95f9c56ec73ce57f7966ea7d15d4ff515cbd7596b30b8b68e5e32cbce3d7bfeb53234833acf0a7c48f14783484d2f51636a0e4da5c0f3213f453f77eaa41afa0fc3ff00137c5378a89aafc39d6918ff00cb5b54f95bdc0936e3fefa3f5af942bed1f869e2687c55e02d32f5240d71144b6f74b9e5654001cfd786fa30a9518b28254a9f438c8fca9e29a29c2b3354741a66a1717f1179f49bdd3cf65ba68893ff007eddff005abd4514b4f466460ca48607208ec6994a290c28a28afa53c29af43e24d02def91879d8d93a0fe09075fc0f51ec6b6f6d7ce3e12f14dd78575517508325bbe1678338122ff00423b1afa1f49d52cb5bd3a2bfb0984b048320f753dc11d88a871061451454fb68db536da36d2b0ae14514543b68db536da36d160b85145150eda36d4db6b89f885e2f3e1eb0165664ff685ca9dae3a44bd0b67d7d07e3f52c35a8514515c17c49d71755f117d9617dd6f620c6083c173f78ff21f8571c293249249c93de945234414514528aa3ae48d168b72c8704a85fc0900fe86af0ac7f1348c9a4855380f2856f71827f9814e3f1214dda2c2bcefe38dd7d9be13eaa99c34ef0c4083ff004d549fd14d7a2578bfed21a8883c21a569c1b0f757be6e3d563439fd5d6b8fa28a2bace23e68a28a28a28a2800a28a28a28a2800a28a28a28a2800a28a28a28a2800a28a28a28a2800a28a28a28a2800a28a28ab7657f25931c0df19ea84e39f5aa945009d82ba9f03f8f758f01eaad77a6b2c904b81716b2fdc940e9ee08c9c11fa8e2b96a2ba68755b49703cdd8c7b38c63f1e95711d6440c8c194f420e4562e9f61657512c9b9d980c3a138c1fc39c56d222c6815142a8e800c0ac9d8de2dbdcfab743f8f9e0dd4e15fed096e34a9ff00892789a45cfb3203c7d40aeff43f10e93e24b26bdd1ef63bcb657f2cc918380d8071c8eb823f3af9fbe17fc34f03f8df4a8eea6d4f506d42018bcb012a2ed39fbc3e5c943ec7db3c57d0da3e8fa7e81a5c1a6e976b1dad9c03091a76f524f524f727934fa51494a2a4b2f514514f15dcfc2ed4aeed3c4ff678666104b13349167e5623a1c7afbd70c2bbbf85d632c9e229ee5a3611c10329620f0c48c0fae33513768b6525761451457b9417b0cc002763fa37f8d5adb581b6a449658f8491947a0358c6b3fb4872a5d828a28adbdb48db554b31000ee4d64fdb2e7fe7a9fc8542ef24872ee5bea6a9d75d112a93eac28a28ab775a870520e4ff007cff004af29f8a16e71a75cf72644627bf423fad7a4edae3fe2459bdc786e378e366786e158ed049c6181fe959464e534d9aa8a4ac828a28af2314e14d14e15b9214514528ae5bc5370af75040304c6a58907b9ed8edd01fc6ba82ca8a59982a819249c002b80beb93797d35c64e1d895c8c103b7e98ad292d6e6559da360af97bf687d685ff008eadb4b8df29a75a80c33d2493e63ff8eecafa5f53d46db48d2eeb51bd93cbb6b589a595bd15464fe35f0debfac4fe20f105feaf73feb6f276948ce7682785fa0181f8557a28a2ba0e633a8a28a28a28a0028a28a28a28a0028a28a28a28a0028a28a28a28a0028a28a28a28a0028a28a28a28a0028a28a28a28a0028a28a9219e5b793cc89cab6319adcb3d6629404b8c46f9fbc3ee9ff0ae7eb7343f0bdeeb45641fb9b5391e7119c91d82e7279efd383dc62850737646d429d4ab3e4a6aecb7a6ea97da35fc57fa6ddcb6b7511ca4b136d23ffaded5ef9e0afda160984565e2eb7f264e9f6fb74250fbba0e47d573f415f3c575fe0af86de21f1c4e0e9f6fe4d886c497b382b1afa81dd8fb0fc715b0a4300ca41046411deb5ac342bbbd607618d0f761cfe55b7a4f86b4dd0e1c6d62c4e72e77393fc87a7007415a4f7676ec8808d3d0753f8d74d3c1ade6cfa2c364fd6b3bf92dbeff00f2fbcfb134cd574fd66c96f34cbd82f2d9ba4b0481d73e9c77f6ab95c4f80be18e8de0285a4b579ae7509536cd752311b87a2a0e00fccfbd76d57fc2da6697a65c88e78a27ba73fbb91fe6653e9e82bd0ace4553e510002723eb5e4e1b0720f35dbe83ab0d42dfcb91bfd2621f37fb43d69e230d170b25a1d58bc0c630f716814514575fb68db51da4c268f69fbebd7dfdeacedaf0e50717667cf4938bb30a28a2a2db46da976d1b6a6c4dc28a28a8b6d675d4e1d8807e45ef56af67d83ca5fbc7afb0ae2bc4babf96a6c606f9d87ef48ec3d2bd0c1e1eef999e96070cea493febd428a28ae6fc47a65adf5dc975a7c691af4253a31ee48ed5c9c913c2e52452ac3d6ba88e6689b721c1a7cd6d6fa82e0a289073b3a03f435dd5b07192bc7467a18acae1357a7a3fc3e6145155b50b437fa75c598b99ed8cd1b47e75bb6d923c8c654e0e0fbd79a788b531143f6289819241fbc20f2a3d3f1fe5f5ae56ba1f11f85eef47924b9dc67b52ff007cfdf5cff7ff001e33fcb20573d5cbecdd3f759f2b89a7529d471a8accf05f8f7f11229d4f83b4b9838570da8c8878c839117e0704fb803d6bc0ebb8f885f0d35af035fb4b73baf34d95cf957ea0e189ecff00dd6fe7d89ae1e8a28a28300a28a28a28a2800a28a28a2bbcf87bf0f67f145d25edec6eba62b6028e1ae08ea01eca3bb7e039c95f5ab9f859e1ab8d2ffb3e3b2b352b92ad0c844ca4e79de796c67a312381c702bceaf99d2a53e449cadbdba7fc1f2329558c5d828aeffe19fc30bff1e6a2269bccb5d1616fdfdd0182e7fb91e782defd077ec0fbc5efc0cf02dd6966d20d364b59b6e12ea3b873229f53b8907e847d315f34d15b9e29f0b5ff008535536778bba26c98270b859547f223b8edee08270ebba9d48d48a9c1dd3344d35747c9145741e32f07ea7e09d7e5d2b515ce3e686751f24c9d987f51d8d73f4514515630a28a28a28a2800a28a28a28a2800a28a28a96dada6bcb84b7b78cc92c870aa3bd4da769977aa5c086d622dc80cf8f953dd8f6e86bd4b43f0e58e896e252b995976b487ef49df81fc23e9e83af5ada95173f43d1c0e5d3c53bbd23dff00c82a4b7b79aeae23b7b789e69a460a91c6a59989e8001d4d5ff0ff0087f53f13eb10e97a4dab5c5cca7a0e15077663d80f5afab7e1d7c2bd27c096ab70c16f75975fdede32f09eab18fe11efd4f7f418be1ef02c6816e753db23e01f2cfdc8ce73c9cfcc7a71d3af5eb5d91b84846db71cf790f5fc2a096e1a5c0e1507451d05459aef8538c5591f5f87c253a10e582b7ebea705f0f3e022208b54f18aee6e1a3d351b81ff005d48ebfee8fc49e95ef10410dac11c16f1470c31a8548e350aaa074000e00a928a90b12492724f73499a6668cd59d21451453f3535addcb677293c2d87439fafb556cd19a2c0d5d598514515e9da5ea49776f1ddc07fde5f43dc1ae9619166883af43fa5790689ab3699799624c0fc48bfd47b8af49d3ef1636560c1a1900391c8f635e5e2f0f7d51f3b9860da778fc828a28ad9db50dcccb6f1163cb1e147ad5966448cbb10140ce6b9cd4f5044492ea76db120e07b7f8d7151a3cf2d763ccc3517565e414514566eb7ab0d3ad5a42435c499080fafafd05700f2348eceec5998e493dcd4da8ea12ea378f3c9c67855cfdd1e955335eed387223ebb0f41528f98514514fcd1bb1de999a335a1b8514515699a2bc88c37414ee057730c823d187715e7fe2af07cb6b335d69d033231f9e08d72549eea0751eddbe9d3b6cd588e7564f2a6c94ecddd6b3a94d4d599c78bc153c4c3964bfcd7f5d882f6cad751b29acef6de3b8b6994a49148a19587a106be65f8a3f066e7c3066d67c3e925d68dcb4b0f2d25a8f7fef27bf51dfd6bea1a4203295600823041ef5e1d4577fe2df091919efec13329f9a48d3a4a3fbcbfed7a8eff005ebc0579d529b83b33e331784a985a9c93dba3ee7c03457bbfc5bf833f635b8f11f85edffd1c65eeb4f8d7fd58eef181fc3eabdbb71c0f08a2bbdf879f0f2e3c557497b791bae968dc0e86e08ea01eca3bb7e039c917bc01f0bdfc4091ea1abac915a3e1a1841da655ce4b31fe1423d304e7208e33ed65a0b1b55b1b055485142128bb410380a00e8a3d2bc0cc7338c13a749ebb37fa2f3f3e9ea79d52adb4415e8ff0bfe155ef8e6ed6faf03db68513e249ba34e47548ff00916e83dcf1563e157c26b8f1adc0d4f54125be85136370e1ae587555f45f56fc0739c7d5365656da75943676704705b4281238a3185551d0014ecc1a7daad958aa246aa10b20c0c0e02a8eca2ab0241041c11d08a6e68cd7ca4e6e6eece4b8dd3f4fb4d2b4f82c2c2de3b7b581024514630140ab345149ade8961e30d224b0bf8834a46411c3123a329ece3f5e9c8c8af9bfc51e17bef0aea86d2ec6f89b2609d461655fe84771dbdc104fd2418ab065382390456478f2ded357f076a2d7702492c56d2cc323a48884ab8f43fcf91d09af5b2ecc65467caf54f7ff0035e7dfbfa9ad2a8e2ec73be33f06697e37d0df4dd4a3c30cb4170a3e781ffbc3fa8ef5f2078bbc23aa782f5c934bd522c30f9a2997ee4c9d994ff9c74afb86b87f8b3e1bd3bc41f0fb5596f225371a7dacb776d363e68d914b100fa36dc11fd40af9a28a28afb13b4f8e28a28a28a28a0028a28a2aee95a6cbaaea11dac476eee59f048451d49ff3d48aab0c4f3cd1c31aee92460aa338c92702bd57c3fa3dbe8fa78caa97c032b673e63fa67d07f9e49ada8d2e77aec7a596e05e2aa5e5f0adff00c82b57c39e1dd4bc55ae5be91a543e65ccc7a9e151475663d80ffeb7522b3a0825bab88ade08da49a57091a20c966270001ea4d7d81f0b7e1ec1e04f0e859951f57ba01ef261ce3d2353fdd5fd4e4fa62ee99a6da68d611c71c7851caa9eae7fbcdfe7f4a92495a572ce724d4724ad2b97639269b9af492b1f6b0a6a0924ac68780fc07a6780f441676604b75200d7576cb8699bfa28ec3b7d4935d5d1453f3466999a334cb0a28a29f9a334ccd19a0028a28a7e68cd333466800a28a29f9aea3c2dad6c71a7dc37cac7f72c7b1feed7299ad1d1b4a9f56bd58a20c141f9997a8fa7bd61889d3a74dcea3b247362e54a14652aaec90514515e9ed73235bac25be4539af3ff0011eb3f6fb9fb3c0dfe8d11ea3f8dbd7e9e95da4da64b3dabda9bf84bb26c2ab27cc7f1c75af3cd5748b9d2a66595498f380d8c7e07d0d79780cc30f5a7cbf0be97ebff0007cb73c5ca71b85ad51c5692e89f5ff8214514551cd19a6668cd7b67d18514514fcd19a6668cd001451453f3466999a334005145156a29d76f952e4c67a1eea7d453b47f87165ab788d753b984340bf3b467fd54add43b7b0e723a138f70753c3de1c9753944d30db6cbf31ddc023d4fb7f3aec27b88d2116b6836c0bd5b182ff5f6f415f2f9de6b08c5d0a6f5eaff0045e7ddf4f53e473fcca934f0d4f57d5f6f4f3ee15e51ac7c09d0754f1c45acab7d9f4c7cc975a7c63024933c6d23eea9e7207a718cf1eaf45493dc471c46ded73e5ff1b9eb21ff000f6aa99a6668cd7c4cdb93bb3e42e456d6d059dac56d6b0c70c112848e38d42aa28e8001d054b4514fcd19a6668cd4d8028a291dd63467760a8a32ccc7000f534fcd798fc46f1ec704371a0696cb24d2298aee6ea23078318f56ec4f6e9d7eed6f19fc4dff008f8d2f416ff61efd5bebb847fa0df9f5c766af2aafa2cb3297755abaf45fabff0023a6951fb520242a96620003249ed5f387c61f8bf1eb114fe19f0e4dbac09db7978bff002db07ee27fb3c727f8bb71d61f8b7f18db5cf3fc3de1c94a698094b9bc538373eaabe89eff00c5f4ebe2d4514515f4a75051451451451400514515d8f8274a2eef7ee9c93e5c391ff7d374fc320ff7abb49e40cc110feed385f7f7aa9a6dbae9fa7a4298fdd4623042e324f538f7e4fe34fcd7ab4a1c9148fbfc0e1961e8c69f55bfaf53db7f67bf062ea1ab5c78a6f22dd058b7936808e0cc47ccdff01523f16f6afa4ab99f87ba0af86bc05a3e9a136cab6eb24dc73e63fccdfa923f0ae9a9f9a334ccd19ad0ec0a28a29f9a334ccd19a0028a28a7e68cd333466800a28a29f9a334ccd2a82ee1475270287a6a0f4d58514515774ed3e6d4aed60841e4fcc71d057a245043a2598b2b6c79c462571fc3ec0fafa9fc2ab6930c1a2e9c0403372f901ffbbeadf53d07a537764d7c066d9a4b152e587c2b6ff3f5fc9799f9ce6f9b4b1b53961a416de7e6ff00ad028a28a7e6aef9f6fa841f66d400391b56623240f46f5159d9a335e3425283ba3c65269dd0514515cf6bde189f4c90c90a9784f200e78f507b8ae7735e9f6d7de5c7e45c279b6c7aaf75f753d8d616bfe1557437da730746eb8e013e87d0fe86bebf2ccf134a9e21fcff00cffcfefee7d8655c41b52c53f497f9ff009fdfdc28a28ae3734669aeaf1b94752aca704118229335f509a6ae8fae566ae828a28a7e6ba4f0e786df5171737384b65f9b2dc0c7a9f6f6ef4be1bf0d35ebfdaef07976e9f31de38c7a9fe83bd75373768c82ded94c76c9d07763ea6be6b37ce1413a341fabfd17eafeed76f94ceb3ce4be1f0cf5eaff0045fe61451453ee2e90442dad414b75fc0b9f53fe1557351e68cd7c5c9b93bb3e32f70a28a2a4cd19a8f3466a794570a28a8ae6e60b3b696e6e668e182252f24923055451d4927802a4cd790f8ffe207dbbcdd1b469bfd1795b8b943febbd554ff77d4ff17d3ef278fbc7ff006ef3747d1e6ff45e56e2e50ffadf5553fddf53fc5f4fbde6f5f4796657cb6ad596bd17eaceca347ed487cb2c70c4f2caeb1c68a59ddce0281c924f615f317c59f8c13789259f42d02668b4653b269d786bb3fd13dbbf7f4aaff167e2dcfe2cb89346d125921d0e36c3b8cab5d91dcfa27a2f7ea7b01e4f4514515f407485145145145140051451455ad3515f55b34750cad3a02a46411b871556ac584a906a36b2c876a24c8cc719c004134e3ba34a56f691bf74157b44b517baf69d68cbb84f7514647aee603fad51ab5a65dfd8356b3bce7f713a4bf29c1f9581e3f2af54ddfbbc7a9c9a6e69b9a335ec1fa39f7ad148acae81d482ac3208ee2969d9a334dcd19a061451453b34669b9a33400514514ecd19a6e68cd001451453b34669b9a3340828a28aeb74ad7a3b90b05c9093740c7a3ff81adbcd79be6b6b4bd7dedf6c3744bc5d03f52bfe22be4f33c877ab855eb1ff002ff2fb8f8fcd78777ad845eb1ff2ff002fbbb0514515d7668cd411cc92c6b246e19186411de9fbabe59c1a7667c7b4d3b30a28a2a4cd4f6b792da485a320ab0c3230cab0f422aa6ea375349a77420a28a2a7d4fc3d67af47e7d9029381f3463ef2fd3fbc3f5aa1a6f827ecf30b8be665863e4b489b47e5d49ab2b232306562ac3a1070453e5ba9a7c79b349263a6f626bd0a798d7852f651934bb7f5aaf933be9e678aa747d8c66d47b7f5aaf905145156eeef44cab042be5db27dd4ee7dcfa9aa99a8f751babcf95e4eece0b85145152668cd47ba9924c90c6d248c15146493da92836ec86936ec828a28a96495228d9dd82aa8c927b5721aeea6baadbbdb286fb23651d7a6f0477fd6a3d5b587bf7f2d3296ea781ddbdcd666ee08afb3ca326542d5abaf7ba2edff0007f23ee726c8d504ab6215e5d176ff0083f90550d6f4b8b5bd0aff004b9c0315ddbbc2d9edb8119fc3ad5fa2bcaa589e099e2906d7462ac339c11c1a655bd53fe42f7bff005ddfff00423552ba9ab3b1f3d522a33715d19f014b1bc32bc522ed7462ac0f623ad36b53c49e5ffc253abf93feabedb36cfa6f38acba28a28a4405145145145140051451451451400514515e89a36a1fda3a647331ccabf249fef0efd3bf07f1ad0cd79c699a9cfa5dcf9b11ca1e1e327861fe3ef5ded9df437f6cb3c0d943d41eaa7d0fbd7a542aa9ab3dcfb7caf308e269a849fbeb7f3f3ff33ebbf835e318fc53e07b7b79640751d3156dae149e4a81847fc547e60d7a257c41e0ef17ea5e0af1045ab69cc090364d0b1f9668cf553fcc1ec4035f5f7843c67a3f8d7474bfd2ae0160009add8e2485bd187f23d0f6ab59a334ccd19adcf54e868a28a7e68cd333466800a28a29f9a334ccd19a0028a28a7e68cd333466800a28a29f9a334ccd19a0028a28ad0b0d527d3e4ca1dd193f3467a1ff000aeb6cb5082fe2df0b723ef21eab5c166a486e25b79449139471d08af2730ca6962d73c749f7efea7899a6494b1ab9e3eecfbf7f5ff30a28a2bd0b3466b1b4cd723bcc4536239ff46fa7f856aeeaf8daf85a9427c951599f9fe270b570b51d3acacffad828a28a933466a3dd46eac794e7b85145152668cd47baa39ee63b789a595c2a2f5269c69b93b25a8e29c9a8c55db0a28a2a59678e089a59582a28c926b90d53569350936ae56053f2a7afb9a8b53d524d425eeb0a9f953fa9f7aa19afb0cab295874aad5d67f97fc13eff0025c916152ad5d5e7f97fc10a28a29f9a8ae6e63b4b692e253848d4b1f7f61ef4ecd71fe22d6d6eff00d0ed8e6156cbc80f0e4761ea3fafd39f66ad4508dcf5f1d8b8e168b9b7af4f36158fe2bd7e0f0c785b51d66e1805b5859901fe27e88bf8b103f1ad4b8b882d2da4b8b99a3860894bc9248c15540ea493d057cb1f18be282f8caf5349d2246fec4b57ddbc82a6e64e9b883ced1ce07b927b6306595e699e590e5dd8b31c7527ad328a2bca3e01b6ddd9e58eed23b3b1cb31c927b9a4a28a28a28a04145145145145001451451576d347d4f5088cb65a75ddcc61b6978606700f5c640ebc8fcebd13e1cf82acaeac135cd4922ba12ee582ddd7722804a9660782720e0741d7ae31ea54005152c31199c28aeab4bf075c5f282a84e6bc17fe15cf8aff00e815ff0093117ff155b96bf0c7c4f6526fb6d474f8c9eb895f07ea3660f5af5ea29a6d6a8a8ca507cd176672383e957f47d5f54d07518f50d26ee6b4ba8feec911c71e847423d8f15e896bf0cae24c650fe55b16df0a6424653f4ae21bc23a8c5651319e09ee76e6548c1400fa292791ee71d3f0acdb8d2efed7779d692a85eac172a3f11c57a4d15d11c54d6fa9ecd0cfb114d5a694bf07fd7c8d6f0afed0ee123b7f14e94ccc3837764073eed193f9907f0af53d23e2478435b55369aeda2b9ff96770de4b67d30f8cfe15e531fc27e994fd2b4adfe14c40731fe95e559a335ea524314c312c68e0766506a1feceb2ff009f3b7ffbf4bfe15a2c5aec774788a16d69fe3ff00f6b8a68a78c490c89221e8c8c083f88a7d78e45f0bd616dd16e46f553835a30780ee837cd7975ff007f9bfc6bccf3466bd33fb3ecbfe7d2dffefd8ff0a5fecfb2ff009f4b7ffbf63fc29fd6d761ff00ac54ff00e7dbfbcf52a2bced7c0f2e3fe3eee7fefeb7f8d3bfe10797fe7eee3fefeb7f8d799668cd7a6ff67d97fcfa5bff00dfb1fe147f67d97fcfa5bffdfb1fe147d6d760ff0058a9ff00cfb7f79e854579effc20f2ff00cfddc7fdfd6ff1a3fe10797fe7eee3fefeb7f8d799668cd7a6ff0067d97fcfa5bffdfb1fe147f67d97fcfa5bff00dfb1fe147d6d760ff58a9ffcfb7f79e854579eff00c20f2ffcfddc7fdfd6ff001a3fe10797fe7eee3fefeb7f8d799668cd7a6ff67d97fcfa5bff00dfb1fe147f67d97fcfa5bffdfb1fe147d6d760ff0058a9ff00cfb7f79e854579effc20f2ff00cfddc7fdfd6ff1a3fe10797fe7eee3fefeb7f8d79967deb774cd7da3c43764b27412771f5f5aec3fb3ecbfe7d2dffefd8ff0a3fb3ecbfe7d2dff00efd8ff000ae7c4ba389872548ffc0393199a617194fd9d6a4dfcf55e87a1515e7bff00083cbff3f771ff007f5bfc68ff00841e5ff9fbb8ff00bfadfe3549645750c8c1948c820e41a5dd571ace1f2c2c68b1e3a6d181f9557fb24d9c6063d735f315b015212b455d1f1f5284a32f77547a1515cae87a4dfe86ec23b892681ce5a2958b0cfa827a1ae90dc8099d8f9f4c556b8ba8ad6169656daa3f5f6ae4352d4e4d426c9f9625fb89e9ee7debd00595bb205962497bfcea0ff3a54b2b58983476d0a30e72b1806bd8cbb0d0c37ef26af3fc8f7329ad4305fbd9c39a7eba2febb93515e7fe23d0754f105f09a5b99618906238a272aaa3f0ea7deb067f87335c26d9ae27957d1e42c3f5af3686de7b86220864948192114b7f2ad387c31aa4f13388e288edca899f1bbf2048fc4577b457a72c5c9ecac7a95b882b495a9c547f1ff23d1b52f15f87f47563a8eb5616e473b1e75ddf82e727f2af3cf117c7ff000de9a8d1e8d6d73ab4fd9829862fc5986efc97f1ac4b9f85084fcb1fe95465f84e769c27e95e4fad7817c59756d26d92c248c1045b41290cdcfab280719cf240e3a66b95bbf02f89aca2124ba44eca5b6e212b29cfd10938e3af4afa0a8ae6949c9dd9e255ad52b4b9ea3bb3cd7c67f123c4be37729a8dc886c43652cadc15881ec4f763ee49f6c571d83e95ecd71f0ae55ce10fe55897bf0e2e6104843c7b57cc3736d716770d05d412c132637472a156191919079e86a2afa6750d36cb55b46b5bfb68ae213fc322e70704641ea0e09e4722bc17c61e1cff0084635d6b259fce85d04d0b1fbc109230ddb2083d3af5e33808ccf34a2b7755f0fcda793bd48c56191838ac0a28a280128a28a28a28a0028a28af73f8677b6d71e0cb6b68a6569ed99d668c7542cecc323d083d7a75f435d857cd3a5ead7fa2de8bcd3ae5a09c295dc002083d4107823ebdc03dabbdb4f8c17691117ba441349bb8686631803d304373d79cfe14016ac6610ceac7b1af52f0df8bed6ce25570bc5791d48b33a74635eb34570917c58f0fc92a2341a846acc01778970a3d4e189c0f604d6ac5f10bc2d34a91aeaca19d8282f0c8a327d495c01ee78a00fa52c7c7fa7e0676d6edaf8ef4d6c7cc95f2a25fce9d1cfe75623d6ae93a48df9d74d4565ffc24da0ffd06f4dffc0b8ffc6ad59ea761a8effb0df5b5d7978dfe44aafb73d3383c743f95007d669e37d389c6f4fceaf45e2fd3d867cc5fcebe445f10de29ff005adf9d5a8fc577a831e6b7e756a8a28a00fad878b2c3fe7a2fe75622f1258bf4917f3af91478befbfe7ab7e756a1f1c5f463fd6b7e7451451401f5b8d7ecbfe7a2fe747f6fd97fcf45fcebe4ff00f84fafbfe7ab7e747fc27d7dff003d5bf3a28a28a00fac3fb7ecbfe7a2fe747f6fd97fcf45fcebe4ff00f84fafbfe7ab7e747fc27d7dff003d5bf3a28a28a00fac3fb7ecbfe7a2fe747f6fd97fcf45fcebe4ff00f84fafbfe7ab7e747fc27d7dff003d5bf3a28a28a00fac3fb7ecbfe7a2fe747f6fd97fcf45fcebe4ff00f84fafbfe7ab7e747fc27d7dff003d5bf3a28a28a00fac3fb7ecbfe7a2fe747f6fd97fcf45fcebe4ff00f84fafbfe7ab7e747fc27d7dff003d5bf3a28a28a00fac3fb7ecbfe7a2fe748de20b203fd62fe75f287fc27d7dff003d5bf3a46f1edf11feb5bf3a28a28a00fa9a4f145821e645fcea33e2cd3ffe7a2fe75f28cbe33be73feb5bf3a8bfe12fbeff009eadf9d14550b9d7348b3b8682eb55b18264c6e8e5b845619191904e7a1aab73e2ef0edadbb4d26b562c8b8c88a612375c70ab927f01401f554fe30d3d07fac5fcea949e38d3803f3a57cb92f8a6f64eb2b7e755db5fbc6ff96adf9d6cd15ca4bf123c2d1c4eeba8b48caa4844b7932c7d06540c9f7205645cfc5dd216dd8dae9f7d2cc31b525d88a79e72c0b11c7b1a00fa5ae7c7da70cfcc95cfea5e3dd3d9580db5e02fab5cbf591bf3a81ef667eae7f3af42af21f8b9a8c73eb163a7a6d2d6b1348ec1f241723e523b10141fa30fc62d53e2c6ad74a534eb582c54a8f9c9f35c1ce490480b8238c153df9f4e0a59649e5796576924762ceee72589e4927b9a00ed7c53e2082fcb7960735c239cb934348cdd4d369945145001451457ffd947494638396100010001f700000000003d2c26402d27412e284530284b342a4e382e4d383050372b53392c5b3e2e523d34593138583f315f3f3e643d357a3b485e402f56413655423a5c41335a453b5b483e60412f614230624738654836644a3b6a4d3b6c503e72523c5e4c43604d426a53476c5a50735a4a745e517e604a7865587f6e627c993c6ba8366cb82d66b33178aa3472bd2a76b1307d87457ac526982f699b3664bd1579a72f74aa376ba73074b92a74b2366eba367782545581535c9b515d81604580624b89674a8d694b866b568b754d8d7058936f4f996855957d4c93715291745c977a5f9b765499775899785a806e628574678c7c70976070977c64a3595ea14662aa4374ab5163b54b6bbc4272b55a66a8655ca47b58b07859a3667ba07e60b96366c4057fc1137dc5287ec3387acc427fc17b75b57186c70680c80781ca0b84ce1188d1148cd51a91d81d94ce2187cc3389d12589dc2399db329dde32a0dd3ca3e0299de0329fe22ca0e337a4cf5087df42a6cc7c9ae447abe84db0ea54aee650b0e953b3eb58b6ee64b4ef65bbf168b7f473bbf579bef67cc0859a3c939b3e8ca63686bb2a94a93692b92c98b0338b84478790419a84499d836f9a8576a48b4aac8458a19942a28265a3856aad8964ac8969a38a76b68d63ba946dbb99768bd41d91d91982cc2287ce3686d0208dd33991ca2394da2494d9389de035a1e23e8fd34797d9479ddc56a0de56a0dd60a5e353a9e469abe470b0ea63b4eb76c09669cb9d6ec09b74c7a17bcca075cca57cd4a473d5aa7ddcac77dcac78deb07fe6b47db99f88bca793b8ec86bdef93bef188bef092d183a1c3a382c8a482cba28dcbab8ec5ab93c8b09ad3ab82ddb58adab998cbb6a4d5bba4dcbea2e98db7e7b681e0b68ae7b884e1b88de8b986e8bc8beabf90e4a6a3f5b7baf985c3f393c1f79dc1fc92cafe9acdfba5c5fca4cbf9acc2fbabcaf9b7c7dfc2a6d9c8b5c1f293cdf8aae3c29feac194ebc499ecc89de0c7acedcba3eecea8e1ceb9eed0abf0cdadf3c6b6f0d2aef1d7b7ebdccbf6cac7f3ddc2f4e1cbf7e7d6f9eee1faf0e5fbf2e800000021f90401000000002c00000000000100014708ff0001081c48b0a0c18308132a5cc8b0a1c38710234a9c48b1a2c58b18336a5458a08004274f4c2ce848b22449040812a85cc9b2a54b951446807ce26484829b1b73eadcc9b367c48e164c981c4ad424ca97489326b8c9b4e94d0a204de0f449b5aad5ab0409100041a0a8d7af058e2a1dbbd2a9d9b30a9c38c11001abdbb770196a0da1b52ed8bb46538ecde5abafdfbfbe78f5404bf86684c3189c84681bb7b163aa043ed49ddc15af65b12e7f00decc19f0acc2860f8b8e30c2c485c7a85357244097f264cb25392d298a39c1ad6bb873ebdecdbbb76e2d67478fbe70c10487d3aa932b374880846bca098230cb46bd7af54c142850b39e8d6889eddcc38bff1f4f9efb92a6c24513273e620486e5f0555768fd3c0abbfbf8f3ebdfcfbfbfffff00fac7547a87ad471c062484f05e7c0cba354008153c575714ef5468e1851866a8e1861c76e821873e84969e8117606022090b36a8624f034c409f8404d823e38c34d668e38d38e6a8e38e3876322081249a8841080aae6824460324a9e400304e16028f504629e5943206811e90060a890107291ed96000608629e698600a20c0926832d9e4644ee8e3e69b70c629e79c74d669e79d6e866016811104a965975e1e49e69866a6b9e49a9491b4403cfb34eae8a390462ae9a49456faa84d84f1e9a79081765ad0a0851a9a24a2af7de584a5a8a64ae93aeb7401da952366ff69a2a7b4468426a976dd15453bbcf6ea6b3bf2e8b38f3fc4166bacb1fce823cfafccfaeae3ab0a689a65add42e24aa9ab89ab40014d280538c33f0842beeb8e4966beeb9e8921b0e38e0948141a6582257edbc17c500871d76dcb10720fcee7107be00dbb107bb04b33b0e9508d3384ec1ec72f32fc077fc01c81f0fc301c161f4660c111d1ceff1c7c777702cf2c824976cf2c00c83534ec2389693f237219b2c33c911ffb187c88e7df2092ae9a4738ace40eb2c4b3ab2e8ac314170c051f31e7624edf4d350472df5d454c38132c3e5e4a3f5d65c77ed32c330572df6d84f7b4c71d21b099d0e3aa504edf6db7097824e3aae18ada2d37bf8b107d97cf7ffed77d9298383cf9bf8047ec7df88ff9df7e16827e489dc747b22f9e494576ef9e5984f9e1a1b9cefb1471c9c872efae8a4976efae9a8a79efad505dfa1faebb0c78eba1792abd2b32999e7ae7be6c9ade1bbe7be072ffcf0c4176ffcf1c827affc1a58483eb42b979b32373aa2484ec9f2d8675ffc24ceaf5dfdeee0831f5ff07b6b6ffef9e80f3f0928a210938e2aa0c42ffffcf4d72f7ffbe910334afc93a48ffc1b8b609ffb5861bf021af080f43b921a16a8863830f081108ca0042748c10a5ad0826240a0063758c060e46f7fa080441b2c8885f8d92e1d20e4a00a0b98086a5df085308ca10c67a8862cc0e08638cca10e77c8c31efa70151e5c5b30ff52e1c3221ab1889088201c18582b3438f189508ca214a748c52a5af18a58cca2146f7088237af18b600c230eaba04528d2ab8c684ca31ad7b8c622b4e08d708ca31ce748c73adad18e87b8011b9f78b484ecf18f800c64196f80021518f290884ca42217b9482104b28f903cd20a2649c94a5a729291cca42637c9c94e7af2931a2309054c30932798b209263001915649a45492d294b084651348b0019680f2965821492a0d009b93e8852c6331cb0666a22705e0f2980fd1ca0242d0cbafd406984881d653d4b201632213995ae18a569a0996672245337ee185125a22cd3d71e0091c60cc35354980052cc035dc74e62f5fa285ced8d3174728a77034f0ff040cc86b9df48a0c8ce2e9156f2a611a084da84217cad08602015ee9490c71004a2dd6aca997bac006366a419b946042a3200da948474ad2926a94034e9156718a44512f114028124a02ab664ad39ada74a648b084356ecad39efaf4a733cda7888443a2f600aaa5f02180139a44a10f39f5a9508dea854214ad781d080326981552e13380a5366904f208ab58c74ad6b29af5ac684dab5ad1faa358ad4748283aea561b93a409904a192ccbab5e75042ba2caca442c9dab5502102a51e12a0a5d4bac6217cbd8c63af6b15a8b424aad5aa23f09d627843ad3b570b5cd67e0e9b3a00dad9d241b1cca5af6b21b1954980a6b28ce56c624a752956c671ba97bff64005a2abdaa56514b953269d6b09cc58b7dd8d10e7bf0e3b8c84dae7297cb5ce5e6a31dfc41296e4d2b57deeec4b7d7c216a9f022d5ee3ab504d375eb44ad9b9c51218a013680181f0611b871acf5bdf02debba18c60da6e1ab067d1d0d795784af3bf0e163140b9880078c2fd6116c657bcdd1d70a0633020fd86cf6b5038374560a54a0e26776fba4c8203cb30e7bf864814370c2164c30987df8c4235b1acea8a23357acad6d7083db30e896e14e39ed0e7ed05be276dc3703b36b70742a1cd818c7e322f341c78d83c8274a31b4a2c5f8c950069a29d251e3d4e0cd0f7228b296b7ec63c36df9cb555b5c923d31e5c885efccbcdb1c1bacb637d9b9f9ffcd70365d2326a78a3a9762725b88b39edd4c3b4fb8987a680eb4e59643be38f8efd088fe1ffb6c470c5138fad1908eb42846e1be463b5a0b89ce1e001ded415948fad3a00eb5a81bc4c035cc8186a84ef50c15113fa2adf0d5a0a8340827a16a31b0baccab80b5aee3e729062e51d5c00eb605d30009311adb87a0f0a0fe7e983f501cfbd98948c3a91758ab3458fbdad8ceb6b6b7cded6e7bfbdbe00eb7b5add082679bfbdcc7ae82b8ab25c876bbfb8f6970c41de74def7adb3b8e7a642324dfcdef7eabb1062c60a4c0074e7045a2000c8fa4a81916cef0863bfce1108fb8c4274ef18a5b9ce23310c22537ce714b0ae1e20edfafc82172c9919bfce428ff4fb9ca3356920458a095ae8cb92a89b4810ab864e52a17a5094e1982910cc59b63d9c0089a104bc550602a3807a82e15d34ba04393254c09c14c4c70f4a47fb223a9246858e6f974971066982141bad5595e00a168dd975d4f0ab4a012766b8edd537339fbcfb99ef6b29453012108893adfbea26c6e53ee2571ba4bb440040a44f3ee4c19c11336b077be2b672ea5027c4704bf120dd8530b8647fc8f30f084c538fef1162840a2243f79bab76413f7040c70ee3e1ace33fef38fd18a059e43fad2274509a9bfa707c22b1aa9ff13f65869e73b695f7ba08333f7b9972e5af8148410fc1ef83e618de82554fbadb704130dcdbef619bafa3d01a934cf87beff4ea4dfa46676021b4ce8a84a3a60d2f6bb5fa4569a6cac34e084f08b3f23ac19fe40f1b28066801417b41104ef378004880bf2e757c4b116f7b7132e222109d00940e5531940120d008111788118b80ed6905fea61200ab8801af15230325c01528226788228781fb6d0560878204d505d2008112f750023d82c3678833898833ab883bf4255b9555959158316310122c054de75844808553e485d231058420811030053303202e952855678855898854b285e95852030f88408c12426b02623500f6678866898866ab8866cd8866ef8866c980c2c381c7fa5205f088605f12034b826d190607e9860f157555ca8254e888707712b8822097fb88809b30c1cff58207fe5858668109b452ad0c088980825ee708074f856a7b580aac55a69c25990558aa6788a8e050dde37889f087baa2526a28888b8020ca2558bb6185a43505aaca82586b85abfd55ac155009a405bc4588c93425abad8825db85bd0f78ad85589d9521224608cd4285b8e081a3fd88ae2f78ab17828c1481492508de2f82881f82ad9c829789859d9e55a78e104c6d55cf0188ff2680f34c50cfa445d77388902e18dd1081624881fefa00ffd309004599006799005b90ff600204c204de7a88f0a018cfdf815c690841659210e4959106910dda824ec0816487091177909bcd789f6b79104318ac1855edc1038f4105f300993f4103854f000ab485428ff6911cfc10034a05efc02087cf02f2d9932f4008746799466389329030811333115230382281a39a91100e331fc12940e163043c930f4908935a2940c030859b92f40093047123482b56100c6342826335b59305e193883d0961c533314c331caf109a7d033e9300cc330374453659da4967f10947449976f49307e2897873933ff759774f0162dd63318f6644d2698f482371f733360d63789090ee2808a5a230e2933089d19350263334ec31393c9365116377353379f402d9a1994a759649f199a8f459a0c639ab7293635c33817a1364ef69ac609396d632457c607bf799bb93927bc593084d09c8893377b93640bb16473539cc6d99d415399f0716544ff469dcd999bfb400e29339de4596462869d02f138b12968f22939cb81377c9065eb999f4ef399045308fad9997bc00778400a64763bf3299fcb113a71b00773b0670efaa0a8b30577363995e006107aa1a9d3672e960eb873a081061f0afa39183aa20eca3da20098e8100c4164668c200624faa0dce309afe03d1efaa1e3f33b7390693aaaa319e46744b33b1b0a3d9ed0a23b6a3e31da64356aa30c423e7050a44e7a3e9b360a3d236a54ca0a3dc30a8ea60862f0a4c2b369f8e369541aa662fa6846c24071e040c296a6c25642a0f03cbb6640abd033ae203f6290a619040aa6e03eb9f6a6afd6290c94a36a1aa8a9a605f1f30af0c3a71c14a7e94040a0ffa0a532646ba020a52884a82b542bbef66b829aa98faa08e8666e8afa0a37a408572041360403718a0ea3d0a960146dd4462ba5a6a9b09a6a399008aa7a6c27140caa100a30300aad3037c2e06cb57a4449b4404dca449e226ec89aaccabaacdfd645c1faacd07a4390c06d6b706dd5c6acd89aadda0a6e4a10adde2a46ea86acd4e26fe45aae4f5405e5f6adea0a032d906f697446e61aafe47a032c706ff67aaf77e402eeba467d24affeea6f6050480537b0042b700707489df4af0acb6f4250b00e2b708e80707f44516750b1167bb1189bb11abbb11cdbb11efbb1200bb253d071245bb22b200421bbb12907722cdbb22efbb21657032960b21d370517ff3795c864b238bbb33cdbb33efbb3401bb4423bb4719117d044b49d541220f04ab1d4b44e0b4b4e600223b0010d604b484b2d2451013b774a09420168a71414b00121600244577426504b6277b50cd211062002a64475f254772ad100630bb52370746ea7b6a94112201012127019a657777837134e504d79abb76fa14b27f0b74d17b869d71431614a859bb688eb13ba6476dc44794f87168ad776954b151d31b667a7b9d0541889e1b99f9b131db10098ab75a40b4cafc2765271b8a94b115d11028c2b77af4b16d2c4767a52bb3a297da4b7bbc1544ec3e40414d078c0db1004700020507dc4ab149aa7789eb7bcccdb4e1102bd8edb759aa700896102caff6bbdcc51017ba8bdc044017d214e86474edd1b014e1004e12bbe02410013b087af2579af3b0b9b910b2360779a7718a48431f29b15076057b932bcdbab12b8674fb4b07bed7b183211bfc0db15b31779f89bc03d807cbef05088371a2300bf030c0090377a08ac1496a7c17d4109ac371aa924c1952b50f0547c8e4b01bb80c27fc1c1e6281c41300227a9b7ed64bf160c788257c336fc17bcf02ed8981e4e701ccb2b7bd427c348c11745bc19420551a3417fe395ba16f5c425dc1214c00b53dc199f61c51e6c1ab5dbbc154c7c5dbc125fbc7d6edc50b980c437391caad4c342bbc55c0c1b183002eab71223500d801cc8823cc8845cc881dc0b72fc887dff22519fdb4e069cc7783102d7301b4481194ce01b989cc9bca10bc94887ed61c73f4b0045587eb0e1031ac509ea4701194580ac2c52b530c71d78016b918f3dbb009241ca78310420c551958c0047d0cac02c524ac089b1dc0141a8b6cd81281db101439009b5f0cc9610043e57004c205245c17ec19ccd20a57c516992674bcb385b00a32c2141d00c11880b363514419081ecec53cf325426c901c74cb4acf1c8943102ed5c537c5c0041b053f9fccf368529dd1ccbc4f1cd482b8212120500bdd00ccd53993087047d01f20cce28b900e3ec1aff98821abdd128d80c100d896ff58214ad8ff55c833c78d2289dd23a88c4d91802ee31b4089dd02a3dd334ffadd25ba88c2632cf401bd3f521923e7d91376d9295155742fb012f82d13f9dd44718d4110d582f0db4032002f68cd44a5dd54a08cf4d9dd3238d8751488659f8d5601dd6e8c2d2f8f8d43fdbd55f15936abdd66c2d0f1fdd277f45d43edb2247ed1a0b8094789dd77a1d876fbd2921c025673d0153fd1c5e59d83ba2097dfd5762bbd531982475fd1c7865d8925d235435d020ad5b43c2d80bc88f4da28893fdd9e6a0c89b22893b2b8b5ff5d99f8dd889ed8980a5d9b0075c8882da93dd01a21d89cc6888bfa89288020cb25dd8bf40cc97bd8cb70d82b098dba6fd55a299dcca0d591a00dc70cddae86875cec88dc6cdd96b020ccb9ddddaad359100cbc1fffd27aecd5bd35ddceb882b0b708be89dde73a20c9d9cd5bc088aa158dd1ec95924a0def68ddef1b07cf818dd9328dfe6952d20700ff73de09f95dffabd8bc3fd79d3dd91ffbd5d1df10ce318e196f20c85718efc0d7c0beedfdaa5cc241102f720e120fe289290c4081ede23e78c0cbee117055b212ee1e7705b248ed317de8cd45dde135912e1d8e2c6780f021de342fdde3118df36eee04591e33a2e5bedd07d398ce060082a1afe915f61021f7ee494920fecc02a2b9891bba88fe40d8d44fe1548b00ef0b00ff258e665be0fef6053f7b8e55339e41cee8ff91190663ee7c7b50ff2e01f3d5ee1d405d5d6bde2fe6883ef900ffb8090846e900ab98396ffa0e538cde77d8ecb5f71093cf80ef6900fc21229fa600fcb92d2c7a0e83fbeb34ffe8d1469d55195c8641cd1384b589f7ee3441102a21e5548509204ddb3a9fee525b103236102ead0ea50850c7aa0033e1ecb410bdb44ee005cd00d05b30d629dece9b20d05230dbedede9078b58d2e21e87507d6fe0d29230ef3d0d6dc1e56f31038847007710001ce0dca73bd26e8e593fc620881b30d7bfdee68c8ec29230840f9306e40ee962dbe75710031a0eef50e31d8ce30e2d0db32129dfdd95f7c70950f93030f201c215c953f89950ec65e29b30da82def0c1361ea1e613230c0100360129f95009fed936df0ec6208229f2f00f6302b0237694907fab2968dffc93114cf955e09960573332856337c600778b91c4b36347c890eb2495175f998fe32f33413f005430e9868f2e06008339f9a90a91a7ad933b100633b33634e864b2263973aaff43253f305830f7e2864192ff675f9313dfff392f9091b5a996f7399b3c9495fbff26aff6177c0f404e3f47a859ef495f7246336318315ada9f550f63c9899994ab3f2ff9934644f30ca8df639df9c2ae69e3971f8dea99d3456f78c4ff5e3f9f84ac3f7ec420ea808f805c30d74909f66d33470a0136ae39a9b0f349053f4b5a2996723fa5313f9ec628a81d307a21f9c983f11c489f8b34ffbb1e9f95e9234fea59aba0f9ca4af327742620db3facf0f07ff759d15419cc7ff1f6572d3f52b72657e10fad74f35bc0f0e942e27f9f0fbe55f3648f6fa0fc1f9dcd9fd890f340d7265d7d9fe7c5307d15f0e7142fd00018e1b1c82050d1e449850e142847bfcec290840e2448a123d954297ce95278e1d3d7e04195224c78a254d9e4499126541877718be841953a6c140e06cde04974f5f3e9c37fbcc041ab4a11f97044f5eccb871e452a622553e851a75224b3f72845ec5ca30ceb79ee0c475fd9655eccc9611277a32954e6353b66da5be855b91aad5b175c7d6ec8a13905dbe0ccb8e218556ada9b68597c645fc96e59e387d1d63e50af6f164846438a64d47d8f0e68f893d3f65137ace9e39a14d9f469d5af56ad6ad5dbf665353dbff6c6f8160dfc69d3bb5178eae0673064ef2f3f093a1e1ec81a85bf972e6a6df340a090a4b73eaba797bf28d4e5470e0c4bd57348d1c4e75f2e5534ff224ea955af6c134577a635e7e68f4d8d369e7cef9fb7e896bd61c9fc33f010724b040030f44304105175c833751329245b3ded47a8523e918c4304304eb93e5beedf2338c3ffefc3b0e0e0d4f44314503b1e0a843a54212a5c3cc385ae40d156f2490c3746401713311f713300e887024b24803c500c53e1ed95245ad252f3432c337166971c71e43fcf1bb20f788b24b22a714252d624421b34c33cf34534653c8acd1cb03c11485981dd1a4b34e3befcc124812b974b34f0d270125cecc4021b45043ff0f451414cc6429140b3fd7983250395949b4524b2f4534cf11ffe3f3514f0fd482d00e57c1b45443655485d045dae8124949d321d5545931d55444356ecd638d5b77e5b5575f7f053658618705d60a4257d9715665171585502c881dd655cc6255b65a436bb5f55682a0e5b65b6fbbbd82505588b1d65a58d44a159455bf55430c45141dac5c79b1fd71d739d8c537df6fb31057de724781b0516eb1207414b546f1d75a7aebd5160e7d1f86385844124ef8dc74d24d248c60090605d97410a678d644d258385b351c8e386595db4d0406975f8639669967a6996680d30906149721b1e2d630b040c46564c9adb968a36b4e248e5d4bde6f575d57863ae22cff8ea6ba6a992d5665e6f588b6baeb992149e3645e99f62e6ab3574e0312afd7ae791461d8833b67b6e78684d7ff96267bb834f6e6bb6fbfff063c70c10727bc70c27350646ec51767fc65b0ff8683efbcf536bc72cb2fc7fcf2a91be7bcf39a95105c0dc927f72c73d34f47fdf2305af6bcf5c6abb09cf4cf52a7bd76dbf7aea205d777ef1af6cb65f70c0de18727be78e38f473e79e59767bef9e3d3308277e969aec2f9e2810fde7aedb7e7be7be76f60a105f1c727bf7cf3cf473f7df5d7bfc17bec3ff33e7ef9e7d75e8af5efc73ffff55d68dffdf787a35f00053840303c427f074420faf827bfff7967800f84a0f770e0820456307f8700c3fc1ab89fe50876d083cc2b820a4438421296d0842744610a4588820c32708322fa600c6538bc19a0408537c4610a5948bf176a6a863ff4e01458904322aa50083cece1c280b844020aa1884f14e1115d98c4c999c18a57c46216b5b8452e76d18b5f046318c1780314acc08c6744631ad5b8462188718b544ca21be538473ad6d18d3c58631ef5388539c2d18f2af942200539484216d2908744642215b948460672062fd06324a790c83f56d292708c241a2fb9494e6e528f9d04652845394a5296d294a744652a55b94a56b6d295af84652c65394b5ad6d296b7c4652e75b94b5ef6d297bfd4544000003bffd8ffdb004300080606070605080707070909080a0c140d0c0b0b0c1912130f141d1a1f1e1d1a1c1c20242e2720222c231c1c2837292c30313434341f27393d38323c2e333432ffdb0043010909090c0b0c180d0d1832211c213232323232323232323232323232323232323232323232323232323232323232323232323232323232323232323232323232ffc00014080100010004012200021101031101042200ffc4001f0000010501010101010100000000000000000102030405060708090a0bffc400b5100002010303020403050504040000017d01020300041105122131410613516107227114328191a1082342b1c11552d1f02433627282090a161718191a25262728292a3435363738393a434445464748494a535455565758595a636465666768696a737475767778797a838485868788898a92939495969798999aa2a3a4a5a6a7a8a9aab2b3b4b5b6b7b8b9bac2c3c4c5c6c7c8c9cad2d3d4d5d6d7d8d9dae1e2e3e4e5e6e7e8e9eaf1f2f3f4f5f6f7f8f9faffc4001f0100030101010101010101010000000000000102030405060708090a0bffc400b51100020102040403040705040400010277000102031104052131061241510761711322328108144291a1b1c109233352f0156272d10a162434e125f11718191a262728292a35363738393a434445464748494a535455565758595a636465666768696a737475767778797a82838485868788898a92939495969798999aa2a3a4a5a6a7a8a9aab2b3b4b5b6b7b8b9bac2c3c4c5c6c7c8c9cad2d3d4d5d6d7d8d9dae2e3e4e5e6e7e8e9eaf2f3f4f5f6f7f8f9faffda000e040100021103110400003f00f9fe8a28a00f9fe8a28a28a28a0028a28a28a28a0028a28a28a28a0028a28a28a28a0028a28a28a28a0028a28a2b674cf0eddea122828c809fb817e63fe1f5357343d0c961737385dbf37cc3841ea7dfd07f91bef7844460b606284f5c7de7ff0078ff004e959ca7d8d634fab0af4df02fc15d7bc5d1477f7adfd95a5bf2b2ca84c928f544e38f7381e99aeb3e0d7c238af2183c53e23b7df0b61ec6ce41c38ed2383d474c0efd4f18afa1ba0c0a65bf87348b15c5dcb1b3e06510798df99e01abfe6e8e9c0b7b993dd9c0fe5596296b36cd52b1e7fa0fc18f04686884e943509d7acb7ede6eeff807dcff00c76bb1b6d0f49b34096ba5d940a0602c56e8a31f80abf456a09b483d6d275ff75f351c961a0ddb0662eaf8c033441f1f955114a295cab1525d2b4e9942cb616b200720342a7fa5626a1f0efc1ba9a6dbaf0d69873fc515bac4dff7d260feb5d35151dcf822da68cb58c8af807989f27f107fa1ae5750d0ef74f66df19745eaca391f51d4703e9ef5d8a3b2306462ac3a10706b453504b84115fa798bd04abc3aff008d529b444a9a678e6bff00b3b7872f919f45bcbad326fe1473e745f91f9bf1dd5e2be31f861e26f05132ea16827b1cf17b6c4bc5ff0002e32bf881ed9afb369b24692c6d1c88ae8e0ab2b0c820f5045795d15d7788bc2fe528bbb00af191d23180c3d8763edfd7af235b4649984a2e2cf80a8af7cf8adf04d2de19f5ff0009db908b97b9d3a319c0eed10ffd97f2f4af03a28a28a648514514514514005145145145140051451451451400514514514514005145145145140051451451451400514514514514005145145145140051451451451400514514569e8da79bcb90eca1a3438da47de3e95995d969f6e2cf4f45db876183d339effe15327645c15d857a07c22f030f1af8b97ed51eed2ac7135dfa3ff763ff008111cfb035e7f5f637c24f0a8f0a7802ca1923db7b783ed77391c866030a7fdd5c0fae7d6adc8e368890fc8bcffbc7d698290528ac4e83b855544088a155460003000a5a28a70a5a414b48028a28a70a51482bb0f0a784edf5bd32e6e6eda44cb848590e3040e4e3b8e47e46a272515765c536ec828a28ae4853856deb9e14bfd10991879f6b9e2641d3fde1dbf95620a232525740d34f50a28a2adda5d793ba29577dbbfdf4fea3deb98f15e882d64fb640018dbe676078607a363d7b1fff005d6e8ab7085bbb57b39006382d183ce7d57f115519599328a682be68f8e9f0e1344bd3e28d261db6177262ee251c4329fe21e8adfa1fa803e97aa5ac69569ae68f77a5df4624b5ba8cc722fb1ee3dc7507d45797d156b51b36b1be92039da0e509eea7a7f9f5cd55aea4ee72356d0f8368ad6f1368373e18f125fe8b77ccb69294dd8c075eaac3d8820fe359345145140828a28a28a28a0028a28a28a28a0028a28a28a28a0028a28a28a28a0028a28a28a28a0028a28a28a28a0028a28a28a28a0028a28a28a28a0028a28abba54067d462183843bce3dba7eb8aeb643f3ed1d146d1fe7eb9ac5f0d43813dc103e5e01ee08ffeb95ad61594dea6f0564757f0dbc3c3c4ff0010348d3644dd6e66f36707a18d06e607eb8c7e35f6a57ceffb3668c24d475ad6dd7fd54496b137bb1dcdff00a0afe75f4453c528a414a2a0d028a28a70a5a4da428620e0f43eb4b48028a28a96189e79921894b492305551dc9e00af6ed274f4d2f4ab6b24c7ee900623bb7527f3cd703f0ff443757cda9cc9fb9b7388b3d19fff00ac3f522bd3315c5899ddf2a3a6946cae14514535d164464750cac30548c822bccfc5de151a5b1beb243f6363874ebe513fd2bd3b14c9a08ee20786640f1c8a5594f420d634e6e0ee6928a920a28a2bc2453d1991c3a9c329c835a1aee92fa2ead2da364a7de8d8ff00121e9fe1f85670aef4eeae8e6b5828a28ac6f19592b08b50894e180c80320039fcb0d91f8d7235e937102df69135b3638ce0919c03c67f03835e6d5d349dd58e5ab1b3b9f3f7ed1de180a74df13c0982dfe877240ebd5a33ff00a10cff00ba2bc06bedaf881a00f13781357d2c2ee96480bc3c73e627cc9fa803f1af8968a28a2b4320a28a28a28a2800a28a28a28a2800a28a28a28a2800a28a28a28a2800a28a28a28a2800a28a28a28a2800a28a28a28a2800a28a28a28a2800a28a2baed22230e8a84a85691ba8ee3aff00f1356053845f67b0b48339db1e49f539c7feca2bb0f875a3596adabdc35ec2265b78c3a237dd249ea477fa573ce564d9d5157b23eb3f80da58d3be17dace461efae25b86f5ebb07e880fe35e99587e0cd3ff00b2bc13a1d815dad0d8c2ae318f9b60ddfae6b72b97b7b1bbba52d6f6b3cc0778e32dfca9d6f6373737f159244c2e24708a8c30727d6be85489634088a1554602a8c002a37b3824b88ee1e18da68f3b242a372e7ae0d737d61f636f65e614514579578eb498b47b6d1ad61c94485d4b63ef104127f126b9ed1747b9d73524b3b65e4f2ee7a22f726bd63c55e156f12bd88fb4881202fb8eddc486dbd07e15a7a3e8563a1da7d9eca2da0f2eedcb39f52692ab68798dc2f2f20a28a29da7e9d0699610d9db2ed8a25c0f53ea4fb93cd59db536da36d7335735b85145150eda36d4db68db4b94770a28a2b88f885a609f498afd17f796cf863fec371fcf1f99af3415eebabd98bdd1ef2d88c9921651f5c71fad7850aeaa2fddb18cf7b85145153daf33043d24053f3e9fae2b81d6e0fb3eaf70b86019b782ddf3c9c7b6723f0aee5490411d45739e338556fa09d739914f1d80e08ffd0abaa93f78c2b2f76e15f13fc44d17fe11ff00883ade9cabb634b9692218e88ff3a8fc980afb62be67fda3b4816be2ed375555c2df5a98dbdde36e4ffdf2ea3f0ae668a28ae8394f18a28a28a28a2800a28a28a28a2800a28a28a28a2800a28a28a28a2800a28a28a28a2800a28a28a28a2800a28a28a28a2800a28a28a96d9164ba85186559d411ed9a8aaee93199353886cdc064f4ce38e3f5c52635b855dd1ec4ea7add8580eb75731c231fed301fd6a95765f0a2c0ea5f147c3f085dc12e7cf3ede582f9ff00c76bb0bbe2655feec683f1da33fae6bbcf84c33aa6a3ff005c57ff0042ae0af0837d3e3a798c07d335ddfc2463fdbd7d1e7836d9c7d187f8d7355f819d51dcfb34000000600e80514515eb3b68db52eda36d7158dee14514545b68db52eda36d160b851451516da36d4bb68db4582e14514545b68db52eda36d160b851451516daf9e6650b3c8a06006207e75f4536114b37000c935f39bb177673d58935ad256b92d85145140acdf1544d2e8b14808c46c0b67bf257fa8ad215535d8da5f0fcea83241dc7e80a93fa035bc7e2444d5e2c2bc6bf68ed3c4fe0ad36f80cbdb5f043ecae8d9fd556bd96bcefe38da8b8f84dab3632d03c322e07fd35507f426b82a28a2bace23e44a28a28a28a2800a28a28a28a2800a28a28a28a2800a28a28a28a2800a28a28a28a2800a28a28a28a2800a28a28a2acc7a7ddc99db038c7f7be5fe75347a3ddbe77044c7f79bafe59a5743b30a2ba1b6f01f8baf115e0f0c6aec8ea195fec7205607a1048c1ae8b4cf823e3bd49c06d252ce33ff2d2ee74503f004b7e9542b7f41b530b0bb94373c05f55c839a75ae8f0c0dbe43e73760cbc7e55a62a652ec69185b5679e57be7ecf5e0ab85ba9fc5d791b243e5b41640ff1927e77fa0c6d1eb93e95b5e11fd9eb4bd3268eefc4779fda72a9c8b5894a420fb9fbcdfa0f515ecf1451c31245122c71a285444180a070001d8538b1662c7a93935dbfc2a9847e306427fd6db3a0fcd5bff65ae1eba1f03de8b0f19e97333615a6f289ed87057fad6525746a87514515f426da36d4db68db5cdca5dc28a28a876d1b6a6db46da3942e14514543b68db536da36d1ca170a28a2a1db46da9b6d1b68e50b851451591afcff0063f0f6a3719c14b7723ebb4e3f5af9f457b47c4bbe167e146801c3ddcab181df03e627f403f1af17157156430a28a294545a87fc81af39e91371ff00013528a8351ff905ddff00d717ff00d04d52dc1ec15c67c5a884bf0afc40a4e316e1bf2753fd2bb3ae33e2d4a22f857e2062339b70bf9ba8feb5e7d45145761c27c67451451451450014514514514500145145145145001451451451450014514514514500145145145145001451455bb7d4ae6d86d560ebd95f9c56ec73ce57f7966ea7d15d4ff515cbd7596b30b8b68e5e32cbce3d7bfeb53234833acf0a7c48f14783484d2f51636a0e4da5c0f3213f453f77eaa41afa0fc3ff00137c5378a89aafc39d6918ff00cb5b54f95bdc0936e3fefa3f5af942bed1f869e2687c55e02d32f5240d71144b6f74b9e5654001cfd786fa30a9518b28254a9f438c8fca9e29a29c2b3354741a66a1717f1179f49bdd3cf65ba68893ff007eddff005abd4514b4f466460ca48607208ec6994a290c28a28afa53c29af43e24d02def91879d8d93a0fe09075fc0f51ec6b6f6d7ce3e12f14dd78575517508325bbe1678338122ff00423b1afa1f49d52cb5bd3a2bfb0984b048320f753dc11d88a871061451454fb68db536da36d2b0ae14514543b68db536da36d160b85145150eda36d4db6b89f885e2f3e1eb0165664ff685ca9dae3a44bd0b67d7d07e3f52c35a8514515c17c49d71755f117d9617dd6f620c6083c173f78ff21f8571c293249249c93de945234414514528aa3ae48d168b72c8704a85fc0900fe86af0ac7f1348c9a4855380f2856f71827f9814e3f1214dda2c2bcefe38dd7d9be13eaa99c34ef0c4083ff004d549fd14d7a2578bfed21a8883c21a569c1b0f757be6e3d563439fd5d6b8fa28a2bace23e68a28a28a28a2800a28a28a28a2800a28a28a28a2800a28a28a28a2800a28a28a28a2800a28a28a28a2800a28a28ab7657f25931c0df19ea84e39f5aa945009d82ba9f03f8f758f01eaad77a6b2c904b81716b2fdc940e9ee08c9c11fa8e2b96a2ba68755b49703cdd8c7b38c63f1e95711d6440c8c194f420e4562e9f61657512c9b9d980c3a138c1fc39c56d222c6815142a8e800c0ac9d8de2dbdcfab743f8f9e0dd4e15fed096e34a9ff00892789a45cfb3203c7d40aeff43f10e93e24b26bdd1ef63bcb657f2cc918380d8071c8eb823f3af9fbe17fc34f03f8df4a8eea6d4f506d42018bcb012a2ed39fbc3e5c943ec7db3c57d0da3e8fa7e81a5c1a6e976b1dad9c03091a76f524f524f727934fa51494a2a4b2f514514f15dcfc2ed4aeed3c4ff678666104b13349167e5623a1c7afbd70c2bbbf85d632c9e229ee5a3611c10329620f0c48c0fae33513768b6525761451457b9417b0cc002763fa37f8d5adb581b6a449658f8491947a0358c6b3fb4872a5d828a28adbdb48db554b31000ee4d64fdb2e7fe7a9fc8542ef24872ee5bea6a9d75d112a93eac28a28ab775a870520e4ff007cff004af29f8a16e71a75cf72644627bf423fad7a4edae3fe2459bdc786e378e366786e158ed049c6181fe959464e534d9aa8a4ac828a28af2314e14d14e15b9214514528ae5bc5370af75040304c6a58907b9ed8edd01fc6ba82ca8a59982a819249c002b80beb93797d35c64e1d895c8c103b7e98ad292d6e6559da360af97bf687d685ff008eadb4b8df29a75a80c33d2493e63ff8eecafa5f53d46db48d2eeb51bd93cbb6b589a595bd15464fe35f0debfac4fe20f105feaf73feb6f276948ce7682785fa0181f8557a28a2ba0e633a8a28a28a28a0028a28a28a28a0028a28a28a28a0028a28a28a28a0028a28a28a28a0028a28a28a28a0028a28a28a28a0028a28a9219e5b793cc89cab6319adcb3d6629404b8c46f9fbc3ee9ff0ae7eb7343f0bdeeb45641fb9b5391e7119c91d82e7279efd383dc62850737646d429d4ab3e4a6aecb7a6ea97da35fc57fa6ddcb6b7511ca4b136d23ffaded5ef9e0afda160984565e2eb7f264e9f6fb74250fbba0e47d573f415f3c575fe0af86de21f1c4e0e9f6fe4d886c497b382b1afa81dd8fb0fc715b0a4300ca41046411deb5ac342bbbd607618d0f761cfe55b7a4f86b4dd0e1c6d62c4e72e77393fc87a7007415a4f7676ec8808d3d0753f8d74d3c1ade6cfa2c364fd6b3bf92dbeff00f2fbcfb134cd574fd66c96f34cbd82f2d9ba4b0481d73e9c77f6ab95c4f80be18e8de0285a4b579ae7509536cd752311b87a2a0e00fccfbd76d57fc2da6697a65c88e78a27ba73fbb91fe6653e9e82bd0ace4553e510002723eb5e4e1b0720f35dbe83ab0d42dfcb91bfd2621f37fb43d69e230d170b25a1d58bc0c630f716814514575fb68db51da4c268f69fbebd7dfdeacedaf0e50717667cf4938bb30a28a2a2db46da976d1b6a6c4dc28a28a8b6d675d4e1d8807e45ef56af67d83ca5fbc7afb0ae2bc4babf96a6c606f9d87ef48ec3d2bd0c1e1eef999e96070cea493febd428a28ae6fc47a65adf5dc975a7c691af4253a31ee48ed5c9c913c2e52452ac3d6ba88e6689b721c1a7cd6d6fa82e0a289073b3a03f435dd5b07192bc7467a18acae1357a7a3fc3e6145155b50b437fa75c598b99ed8cd1b47e75bb6d923c8c654e0e0fbd79a788b531143f6289819241fbc20f2a3d3f1fe5f5ae56ba1f11f85eef47924b9dc67b52ff007cfdf5cff7ff001e33fcb20573d5cbecdd3f759f2b89a7529d471a8accf05f8f7f11229d4f83b4b9838570da8c8878c839117e0704fb803d6bc0ebb8f885f0d35af035fb4b73baf34d95cf957ea0e189ecff00dd6fe7d89ae1e8a28a28300a28a28a28a2800a28a28a2bbcf87bf0f67f145d25edec6eba62b6028e1ae08ea01eca3bb7e039c95f5ab9f859e1ab8d2ffb3e3b2b352b92ad0c844ca4e79de796c67a312381c702bceaf99d2a53e449cadbdba7fc1f2329558c5d828aeffe19fc30bff1e6a2269bccb5d1616fdfdd0182e7fb91e782defd077ec0fbc5efc0cf02dd6966d20d364b59b6e12ea3b873229f53b8907e847d315f34d15b9e29f0b5ff008535536778bba26c98270b859547f223b8edee08270ebba9d48d48a9c1dd3344d35747c9145741e32f07ea7e09d7e5d2b515ce3e686751f24c9d987f51d8d73f4514515630a28a28a28a2800a28a28a28a2800a28a28a96dada6bcb84b7b78cc92c870aa3bd4da769977aa5c086d622dc80cf8f953dd8f6e86bd4b43f0e58e896e252b995976b487ef49df81fc23e9e83af5ada95173f43d1c0e5d3c53bbd23dff00c82a4b7b79aeae23b7b789e69a460a91c6a59989e8001d4d5ff0ff0087f53f13eb10e97a4dab5c5cca7a0e15077663d80f5afab7e1d7c2bd27c096ab70c16f75975fdede32f09eab18fe11efd4f7f418be1ef02c6816e753db23e01f2cfdc8ce73c9cfcc7a71d3af5eb5d91b84846db71cf790f5fc2a096e1a5c0e1507451d05459aef8538c5591f5f87c253a10e582b7ebea705f0f3e022208b54f18aee6e1a3d351b81ff005d48ebfee8fc49e95ef10410dac11c16f1470c31a8548e350aaa074000e00a928a90b12492724f73499a6668cd59d21451453f3535addcb677293c2d87439fafb556cd19a2c0d5d598514515e9da5ea49776f1ddc07fde5f43dc1ae9619166883af43fa5790689ab3699799624c0fc48bfd47b8af49d3ef1636560c1a1900391c8f635e5e2f0f7d51f3b9860da778fc828a28ad9db50dcccb6f1163cb1e147ad5966448cbb10140ce6b9cd4f5044492ea76db120e07b7f8d7151a3cf2d763ccc3517565e414514566eb7ab0d3ad5a42435c499080fafafd05700f2348eceec5998e493dcd4da8ea12ea378f3c9c67855cfdd1e955335eed387223ebb0f41528f98514514fcd1bb1de999a335a1b8514515699a2bc88c37414ee057730c823d187715e7fe2af07cb6b335d69d033231f9e08d72549eea0751eddbe9d3b6cd588e7564f2a6c94ecddd6b3a94d4d599c78bc153c4c3964bfcd7f5d882f6cad751b29acef6de3b8b6994a49148a19587a106be65f8a3f066e7c3066d67c3e925d68dcb4b0f2d25a8f7fef27bf51dfd6bea1a4203295600823041ef5e1d4577fe2df091919efec13329f9a48d3a4a3fbcbfed7a8eff005ebc0579d529b83b33e331784a985a9c93dba3ee7c03457bbfc5bf833f635b8f11f85edffd1c65eeb4f8d7fd58eef181fc3eabdbb71c0f08a2bbdf879f0f2e3c557497b791bae968dc0e86e08ea01eca3bb7e039c917bc01f0bdfc4091ea1abac915a3e1a1841da655ce4b31fe1423d304e7208e33ed65a0b1b55b1b055485142128bb410380a00e8a3d2bc0cc7338c13a749ebb37fa2f3f3e9ea79d52adb4415e8ff0bfe155ef8e6ed6faf03db68513e249ba34e47548ff00916e83dcf1563e157c26b8f1adc0d4f54125be85136370e1ae587555f45f56fc0739c7d5365656da75943676704705b4281238a3185551d0014ecc1a7daad958aa246aa10b20c0c0e02a8eca2ab0241041c11d08a6e68cd7ca4e6e6eece4b8dd3f4fb4d2b4f82c2c2de3b7b581024514630140ab345149ade8961e30d224b0bf8834a46411c3123a329ece3f5e9c8c8af9bfc51e17bef0aea86d2ec6f89b2609d461655fe84771dbdc104fd2418ab065382390456478f2ded357f076a2d7702492c56d2cc323a48884ab8f43fcf91d09af5b2ecc65467caf54f7ff0035e7dfbfa9ad2a8e2ec73be33f06697e37d0df4dd4a3c30cb4170a3e781ffbc3fa8ef5f2078bbc23aa782f5c934bd522c30f9a2997ee4c9d994ff9c74afb86b87f8b3e1bd3bc41f0fb5596f225371a7dacb776d363e68d914b100fa36dc11fd40af9a28a28afb13b4f8e28a28a28a28a0028a28a2aee95a6cbaaea11dac476eee59f048451d49ff3d48aab0c4f3cd1c31aee92460aa338c92702bd57c3fa3dbe8fa78caa97c032b673e63fa67d07f9e49ada8d2e77aec7a596e05e2aa5e5f0adff00c82b57c39e1dd4bc55ae5be91a543e65ccc7a9e151475663d80ffeb7522b3a0825bab88ade08da49a57091a20c966270001ea4d7d81f0b7e1ec1e04f0e859951f57ba01ef261ce3d2353fdd5fd4e4fa62ee99a6da68d611c71c7851caa9eae7fbcdfe7f4a92495a572ce724d4724ad2b97639269b9af492b1f6b0a6a0924ac68780fc07a6780f441676604b75200d7576cb8699bfa28ec3b7d4935d5d1453f3466999a334cb0a28a29f9a334ccd19a0028a28a7e68cd333466800a28a29f9aea3c2dad6c71a7dc37cac7f72c7b1feed7299ad1d1b4a9f56bd58a20c141f9997a8fa7bd61889d3a74dcea3b247362e54a14652aaec90514515e9ed73235bac25be4539af3ff0011eb3f6fb9fb3c0dfe8d11ea3f8dbd7e9e95da4da64b3dabda9bf84bb26c2ab27cc7f1c75af3cd5748b9d2a66595498f380d8c7e07d0d79780cc30f5a7cbf0be97ebff0007cb73c5ca71b85ad51c5692e89f5ff8214514551cd19a6668cd7b67d18514514fcd19a6668cd001451453f3466999a334005145156a29d76f952e4c67a1eea7d453b47f87165ab788d753b984340bf3b467fd54add43b7b0e723a138f70753c3de1c9753944d30db6cbf31ddc023d4fb7f3aec27b88d2116b6836c0bd5b182ff5f6f415f2f9de6b08c5d0a6f5eaff0045e7ddf4f53e473fcca934f0d4f57d5f6f4f3ee15e51ac7c09d0754f1c45acab7d9f4c7cc975a7c63024933c6d23eea9e7207a718cf1eaf45493dc471c46ded73e5ff1b9eb21ff000f6aa99a6668cd7c4cdb93bb3e42e456d6d059dac56d6b0c70c112848e38d42aa28e8001d054b4514fcd19a6668cd4d8028a291dd63467760a8a32ccc7000f534fcd798fc46f1ec704371a0696cb24d2298aee6ea23078318f56ec4f6e9d7eed6f19fc4dff008f8d2f416ff61efd5bebb847fa0df9f5c766af2aafa2cb3297755abaf45fabff0023a6951fb520242a96620003249ed5f387c61f8bf1eb114fe19f0e4dbac09db7978bff002db07ee27fb3c727f8bb71d61f8b7f18db5cf3fc3de1c94a698094b9bc538373eaabe89eff00c5f4ebe2d4514515f4a75051451451451400514515d8f8274a2eef7ee9c93e5c391ff7d374fc320ff7abb49e40cc110feed385f7f7aa9a6dbae9fa7a4298fdd4623042e324f538f7e4fe34fcd7ab4a1c9148fbfc0e1961e8c69f55bfaf53db7f67bf062ea1ab5c78a6f22dd058b7936808e0cc47ccdff01523f16f6afa4ab99f87ba0af86bc05a3e9a136cab6eb24dc73e63fccdfa923f0ae9a9f9a334ccd19ad0ec0a28a29f9a334ccd19a0028a28a7e68cd333466800a28a29f9a334ccd2a82ee1475270287a6a0f4d58514515774ed3e6d4aed60841e4fcc71d057a245043a2598b2b6c79c462571fc3ec0fafa9fc2ab6930c1a2e9c0403372f901ffbbeadf53d07a537764d7c066d9a4b152e587c2b6ff3f5fc9799f9ce6f9b4b1b53961a416de7e6ff00ad028a28a7e6aef9f6fa841f66d400391b56623240f46f5159d9a335e3425283ba3c65269dd0514515cf6bde189f4c90c90a9784f200e78f507b8ae7735e9f6d7de5c7e45c279b6c7aaf75f753d8d616bfe1557437da730746eb8e013e87d0fe86bebf2ccf134a9e21fcff00cffcfefee7d8655c41b52c53f497f9ff009fdfdc28a28ae3734669aeaf1b94752aca704118229335f509a6ae8fae566ae828a28a7e6ba4f0e786df5171737384b65f9b2dc0c7a9f6f6ef4be1bf0d35ebfdaef07976e9f31de38c7a9fe83bd75373768c82ded94c76c9d07763ea6be6b37ce1413a341fabfd17eafeed76f94ceb3ce4be1f0cf5eaff0045fe61451453ee2e90442dad414b75fc0b9f53fe1557351e68cd7c5c9b93bb3e32f70a28a2a4cd19a8f3466a794570a28a8ae6e60b3b696e6e668e182252f24923055451d4927802a4cd790f8ffe207dbbcdd1b469bfd1795b8b943febbd554ff77d4ff17d3ef278fbc7ff006ef3747d1e6ff45e56e2e50ffadf5553fddf53fc5f4fbde6f5f4796657cb6ad596bd17eaceca347ed487cb2c70c4f2caeb1c68a59ddce0281c924f615f317c59f8c13789259f42d02668b4653b269d786bb3fd13dbbf7f4aaff167e2dcfe2cb89346d125921d0e36c3b8cab5d91dcfa27a2f7ea7b01e4f4514515f407485145145145140051451455ad3515f55b34750cad3a02a46411b871556ac584a906a36b2c876a24c8cc719c004134e3ba34a56f691bf74157b44b517baf69d68cbb84f7514647aee603fad51ab5a65dfd8356b3bce7f713a4bf29c1f9581e3f2af54ddfbbc7a9c9a6e69b9a335ec1fa39f7ad148acae81d482ac3208ee2969d9a334dcd19a061451453b34669b9a33400514514ecd19a6e68cd001451453b34669b9a3340828a28aeb74ad7a3b90b05c9093740c7a3ff81adbcd79be6b6b4bd7dedf6c3744bc5d03f52bfe22be4f33c877ab855eb1ff002ff2fb8f8fcd78777ad845eb1ff2ff002fbbb0514515d7668cd411cc92c6b246e19186411de9fbabe59c1a7667c7b4d3b30a28a2a4cd4f6b792da485a320ab0c3230cab0f422aa6ea375349a77420a28a2a7d4fc3d67af47e7d9029381f3463ef2fd3fbc3f5aa1a6f827ecf30b8be665863e4b489b47e5d49ab2b232306562ac3a1070453e5ba9a7c79b349263a6f626bd0a798d7852f651934bb7f5aaf933be9e678aa747d8c66d47b7f5aaf905145156eeef44cab042be5db27dd4ee7dcfa9aa99a8f751babcf95e4eece0b85145152668cd47ba9924c90c6d248c15146493da92836ec86936ec828a28a96495228d9dd82aa8c927b5721aeea6baadbbdb286fb23651d7a6f0477fd6a3d5b587bf7f2d3296ea781ddbdcd666ee08afb3ca326542d5abaf7ba2edff0007f23ee726c8d504ab6215e5d176ff0083f90550d6f4b8b5bd0aff004b9c0315ddbbc2d9edb8119fc3ad5fa2bcaa589e099e2906d7462ac339c11c1a655bd53fe42f7bff005ddfff00423552ba9ab3b1f3d522a33715d19f014b1bc32bc522ed7462ac0f623ad36b53c49e5ffc253abf93feabedb36cfa6f38acba28a28a4405145145145140051451451451400514515e89a36a1fda3a647331ccabf249fef0efd3bf07f1ad0cd79c699a9cfa5dcf9b11ca1e1e327861fe3ef5ded9df437f6cb3c0d943d41eaa7d0fbd7a542aa9ab3dcfb7caf308e269a849fbeb7f3f3ff33ebbf835e318fc53e07b7b79640751d3156dae149e4a81847fc547e60d7a257c41e0ef17ea5e0af1045ab69cc090364d0b1f9668cf553fcc1ec4035f5f7843c67a3f8d7474bfd2ae0160009add8e2485bd187f23d0f6ab59a334ccd19adcf54e868a28a7e68cd333466800a28a29f9a334ccd19a0028a28a7e68cd333466800a28a29f9a334ccd19a0028a28ad0b0d527d3e4ca1dd193f3467a1ff000aeb6cb5082fe2df0b723ef21eab5c166a486e25b79449139471d08af2730ca6962d73c749f7efea7899a6494b1ab9e3eecfbf7f5ff30a28a2bd0b3466b1b4cd723bcc4536239ff46fa7f856aeeaf8daf85a9427c951599f9fe270b570b51d3acacffad828a28a933466a3dd46eac794e7b85145152668cd47baa39ee63b789a595c2a2f5269c69b93b25a8e29c9a8c55db0a28a2a59678e089a59582a28c926b90d53569350936ae56053f2a7afb9a8b53d524d425eeb0a9f953fa9f7aa19afb0cab295874aad5d67f97fc13eff0025c916152ad5d5e7f97fc10a28a29f9a8ae6e63b4b692e253848d4b1f7f61ef4ecd71fe22d6d6eff00d0ed8e6156cbc80f0e4761ea3fafd39f66ad4508dcf5f1d8b8e168b9b7af4f36158fe2bd7e0f0c785b51d66e1805b5859901fe27e88bf8b103f1ad4b8b882d2da4b8b99a3860894bc9248c15540ea493d057cb1f18be282f8caf5349d2246fec4b57ddbc82a6e64e9b883ced1ce07b927b6306595e699e590e5dd8b31c7527ad328a2bca3e01b6ddd9e58eed23b3b1cb31c927b9a4a28a28a28a04145145145145001451451576d347d4f5088cb65a75ddcc61b6978606700f5c640ebc8fcebd13e1cf82acaeac135cd4922ba12ee582ddd7722804a9660782720e0741d7ae31ea54005152c31199c28aeab4bf075c5f282a84e6bc17fe15cf8aff00e815ff0093117ff155b96bf0c7c4f6526fb6d474f8c9eb895f07ea3660f5af5ea29a6d6a8a8ca507cd176672383e957f47d5f54d07518f50d26ee6b4ba8feec911c71e847423d8f15e896bf0cae24c650fe55b16df0a6424653f4ae21bc23a8c5651319e09ee76e6548c1400fa292791ee71d3f0acdb8d2efed7779d692a85eac172a3f11c57a4d15d11c54d6fa9ecd0cfb114d5a694bf07fd7c8d6f0afed0ee123b7f14e94ccc3837764073eed193f9907f0af53d23e2478435b55369aeda2b9ff96770de4b67d30f8cfe15e531fc27e994fd2b4adfe14c40731fe95e559a335ea524314c312c68e0766506a1feceb2ff009f3b7ffbf4bfe15a2c5aec774788a16d69fe3ff00f6b8a68a78c490c89221e8c8c083f88a7d78e45f0bd616dd16e46f553835a30780ee837cd7975ff007f9bfc6bccf3466bd33fb3ecbfe7d2dffefd8ff0a5fecfb2ff009f4b7ffbf63fc29fd6d761ff00ac54ff00e7dbfbcf52a2bced7c0f2e3fe3eee7fefeb7f8d3bfe10797fe7eee3fefeb7f8d799668cd7a6ff67d97fcfa5bff00dfb1fe147f67d97fcfa5bffdfb1fe147d6d760ff0058a9ff00cfb7f79e854579effc20f2ff00cfddc7fdfd6ff1a3fe10797fe7eee3fefeb7f8d799668cd7a6ff0067d97fcfa5bffdfb1fe147f67d97fcfa5bff00dfb1fe147d6d760ff58a9ffcfb7f79e854579eff00c20f2ffcfddc7fdfd6ff001a3fe10797fe7eee3fefeb7f8d799668cd7a6ff67d97fcfa5bff00dfb1fe147f67d97fcfa5bffdfb1fe147d6d760ff0058a9ff00cfb7f79e854579effc20f2ff00cfddc7fdfd6ff1a3fe10797fe7eee3fefeb7f8d79967deb774cd7da3c43764b27412771f5f5aec3fb3ecbfe7d2dffefd8ff0a3fb3ecbfe7d2dff00efd8ff000ae7c4ba389872548ffc0393199a617194fd9d6a4dfcf55e87a1515e7bff00083cbff3f771ff007f5bfc68ff00841e5ff9fbb8ff00bfadfe3549645750c8c1948c820e41a5dd571ace1f2c2c68b1e3a6d181f9557fb24d9c6063d735f315b015212b455d1f1f5284a32f77547a1515cae87a4dfe86ec23b892681ce5a2958b0cfa827a1ae90dc8099d8f9f4c556b8ba8ad6169656daa3f5f6ae4352d4e4d426c9f9625fb89e9ee7debd00595bb205962497bfcea0ff3a54b2b58983476d0a30e72b1806bd8cbb0d0c37ef26af3fc8f7329ad4305fbd9c39a7eba2febb93515e7fe23d0754f105f09a5b99618906238a272aaa3f0ea7deb067f87335c26d9ae27957d1e42c3f5af3686de7b86220864948192114b7f2ad387c31aa4f13388e288edca899f1bbf2048fc4577b457a72c5c9ecac7a95b882b495a9c547f1ff23d1b52f15f87f47563a8eb5616e473b1e75ddf82e727f2af3cf117c7ff000de9a8d1e8d6d73ab4fd9829862fc5986efc97f1ac4b9f85084fcb1fe95465f84e769c27e95e4fad7817c59756d26d92c248c1045b41290cdcfab280719cf240e3a66b95bbf02f89aca2124ba44eca5b6e212b29cfd10938e3af4afa0a8ae6949c9dd9e255ad52b4b9ea3bb3cd7c67f123c4be37729a8dc886c43652cadc15881ec4f763ee49f6c571d83e95ecd71f0ae55ce10fe55897bf0e2e6104843c7b57cc3736d716770d05d412c132637472a156191919079e86a2afa6750d36cb55b46b5bfb68ae213fc322e70704641ea0e09e4722bc17c61e1cff0084635d6b259fce85d04d0b1fbc109230ddb2083d3af5e33808ccf34a2b7755f0fcda793bd48c56191838ac0a28a280128a28a28a28a0028a28af73f8677b6d71e0cb6b68a6569ed99d668c7542cecc323d083d7a75f435d857cd3a5ead7fa2de8bcd3ae5a09c295dc002083d4107823ebdc03dabbdb4f8c17691117ba441349bb8686631803d304373d79cfe14016ac6610ceac7b1af52f0df8bed6ce25570bc5791d48b33a74635eb34570917c58f0fc92a2341a846acc01778970a3d4e189c0f604d6ac5f10bc2d34a91aeaca19d8282f0c8a327d495c01ee78a00fa52c7c7fa7e0676d6edaf8ef4d6c7cc95f2a25fce9d1cfe75623d6ae93a48df9d74d4565ffc24da0ffd06f4dffc0b8ffc6ad59ea761a8effb0df5b5d7978dfe44aafb73d3383c743f95007d669e37d389c6f4fceaf45e2fd3d867cc5fcebe445f10de29ff005adf9d5a8fc577a831e6b7e756a8a28a00fad878b2c3fe7a2fe75622f1258bf4917f3af91478befbfe7ab7e756a1f1c5f463fd6b7e7451451401f5b8d7ecbfe7a2fe747f6fd97fcf45fcebe4ff00f84fafbfe7ab7e747fc27d7dff003d5bf3a28a28a00fac3fb7ecbfe7a2fe747f6fd97fcf45fcebe4ff00f84fafbfe7ab7e747fc27d7dff003d5bf3a28a28a00fac3fb7ecbfe7a2fe747f6fd97fcf45fcebe4ff00f84fafbfe7ab7e747fc27d7dff003d5bf3a28a28a00fac3fb7ecbfe7a2fe747f6fd97fcf45fcebe4ff00f84fafbfe7ab7e747fc27d7dff003d5bf3a28a28a00fac3fb7ecbfe7a2fe747f6fd97fcf45fcebe4ff00f84fafbfe7ab7e747fc27d7dff003d5bf3a28a28a00fac3fb7ecbfe7a2fe748de20b203fd62fe75f287fc27d7dff003d5bf3a46f1edf11feb5bf3a28a28a00fa9a4f145821e645fcea33e2cd3ffe7a2fe75f28cbe33be73feb5bf3a8bfe12fbeff009eadf9d14550b9d7348b3b8682eb55b18264c6e8e5b845619191904e7a1aab73e2ef0edadbb4d26b562c8b8c88a612375c70ab927f01401f554fe30d3d07fac5fcea949e38d3803f3a57cb92f8a6f64eb2b7e755db5fbc6ff96adf9d6cd15ca4bf123c2d1c4eeba8b48caa4844b7932c7d06540c9f7205645cfc5dd216dd8dae9f7d2cc31b525d88a79e72c0b11c7b1a00fa5ae7c7da70cfcc95cfea5e3dd3d9580db5e02fab5cbf591bf3a81ef667eae7f3af42af21f8b9a8c73eb163a7a6d2d6b1348ec1f241723e523b10141fa30fc62d53e2c6ad74a534eb582c54a8f9c9f35c1ce490480b8238c153df9f4e0a59649e5796576924762ceee72589e4927b9a00ed7c53e2082fcb7960735c239cb934348cdd4d369945145001451457ffd9, '1');

-- --------------------------------------------------------

-- 
-- Table structure for table `province`
-- 

CREATE TABLE `province` (
  `ProvinceID` varchar(2) NOT NULL,
  `ProvinceName` varchar(50) default NULL,
  PRIMARY KEY  (`ProvinceID`)
) ENGINE=MyISAM DEFAULT CHARSET=utf8;

-- 
-- Dumping data for table `province`
-- 

INSERT INTO `province` VALUES ('??', '???????');

-- --------------------------------------------------------

-- 
-- Table structure for table `sale`
-- 

CREATE TABLE `sale` (
  `SaleID` varchar(16) NOT NULL,
  `CustomerID` varchar(14) default NULL,
  `SaleDate` varchar(15) default NULL,
  `VAT` double default NULL,
  `NetTotal` double default NULL,
  PRIMARY KEY  (`SaleID`)
) ENGINE=MyISAM DEFAULT CHARSET=utf8;

-- 
-- Dumping data for table `sale`
-- 

INSERT INTO `sale` VALUES ('1231', '23566', '3-2-2013', 0, 1220);
INSERT INTO `sale` VALUES ('123213', '12134', '12-1-2013', 0, 920);
INSERT INTO `sale` VALUES ('16546', '12315165', '2-11-2012', 0, 920);
INSERT INTO `sale` VALUES ('221', '214', '26-12-2012', 0, 1440);
INSERT INTO `sale` VALUES ('5555555', '222223', '27-10-2012', 0, 720);
INSERT INTO `sale` VALUES ('44444', '11111', '15-10-2012', 0, 1020);
INSERT INTO `sale` VALUES ('111111112', '456654', '27-10-2012', 0, 1320);

-- --------------------------------------------------------

-- 
-- Table structure for table `saledetail`
-- 

CREATE TABLE `saledetail` (
  `SaleID` varchar(16) NOT NULL,
  `ProductID` varchar(10) NOT NULL,
  `SalePrice` double default NULL,
  `Amount` int(11) default NULL,
  `Total` double default NULL,
  PRIMARY KEY  (`ProductID`,`SaleID`)
) ENGINE=MyISAM DEFAULT CHARSET=utf8;

-- 
-- Dumping data for table `saledetail`
-- 

INSERT INTO `saledetail` VALUES ('221', '1023222444', 300, 2, 600);
INSERT INTO `saledetail` VALUES ('16546', '1022365487', 200, 1, 200);
INSERT INTO `saledetail` VALUES ('16546', '1023227887', 420, 1, 420);
INSERT INTO `saledetail` VALUES ('16546', '1023222444', 300, 1, 300);
INSERT INTO `saledetail` VALUES ('5555555', '1023227887', 420, 1, 420);
INSERT INTO `saledetail` VALUES ('5555555', '1023222444', 300, 1, 300);
INSERT INTO `saledetail` VALUES ('111111112', '1023222441', 300, 2, 600);
INSERT INTO `saledetail` VALUES ('111111112', '1023227887', 420, 1, 420);
INSERT INTO `saledetail` VALUES ('111111112', '1023222444', 300, 1, 300);
INSERT INTO `saledetail` VALUES ('44444', '1023222441', 300, 1, 300);
INSERT INTO `saledetail` VALUES ('44444', '1023227887', 420, 1, 420);
INSERT INTO `saledetail` VALUES ('44444', '1023222444', 300, 1, 300);
INSERT INTO `saledetail` VALUES ('221', '1023227887', 420, 2, 840);
INSERT INTO `saledetail` VALUES ('123213', '1023222444', 300, 1, 300);
INSERT INTO `saledetail` VALUES ('123213', '1022365487', 200, 1, 200);
INSERT INTO `saledetail` VALUES ('123213', '1023227887', 420, 1, 420);
INSERT INTO `saledetail` VALUES ('1231', '1023222444', 300, 2, 600);
INSERT INTO `saledetail` VALUES ('1231', '1022365487', 200, 1, 200);
INSERT INTO `saledetail` VALUES ('1231', '1023227887', 420, 1, 420);

-- --------------------------------------------------------

-- 
-- Table structure for table `supplier`
-- 

CREATE TABLE `supplier` (
  `SupplierID` varchar(3) NOT NULL,
  `SupplierName` varchar(100) default NULL,
  `Address` varchar(250) default NULL,
  `ContactName` varchar(100) default NULL,
  `Telephone` varchar(100) default NULL,
  `Fax` varchar(9) NOT NULL,
  `Email` varchar(50) NOT NULL,
  PRIMARY KEY  (`SupplierID`)
) ENGINE=MyISAM DEFAULT CHARSET=utf8;

-- 
-- Dumping data for table `supplier`
-- 

INSERT INTO `supplier` VALUES ('001', 'บริษัท ไทยโอสถ', '24/58 กรุงเทพฯ', 'คุณประวิทย์ เกรียงไกร', '0842131213', '212212', '546666');
INSERT INTO `supplier` VALUES ('002', 'บ.โอปอ', '99/88 สุขุมวิทย์ สาย 3', 'คุณพรหมศรี มีสุข', '0842132454', '5785645', '456666');
INSERT INTO `supplier` VALUES ('003', 'บริษัท ป.ประมง', '44/58 พัทยา', 'คุณณรงค์ศักดิ์ ทองมี', '4544545454', '45544', '45445');
INSERT INTO `supplier` VALUES ('004', 'บริษัท ไทยน้ำทิพย์', '199/55 โนนแดง', 'คุณเกรียงศักดิ์ ศรีสุนทร', '0805646521', '456546', '4656456');
INSERT INTO `supplier` VALUES ('005', 'บริษัทแสงชัย', '99/55 พระราม 5', 'ไกรภพ แสงขุนทด', '3313213123', '1121', '212');
